AgencyName1,Address_City_Description1,CreatedOn,CaseNumber,address_streetAddress,Description
BAYPORT POLICE DEPARTMENT,BAYPORT,1/21/2024 10:46:30 AM,BP24000380,"XXX 6th St N, BAYPORT",ALARM-BUSINESS/RES/FIRE/MEDICAL/ETC
BAYPORT POLICE DEPARTMENT,BAYPORT,1/21/2024 12:33:49 PM,BP24000382,"3rd St N / 3rd Ave N, BAYPORT",DIRECTED PATROL
BAYPORT POLICE DEPARTMENT,BAYPORT,1/22/2024 9:53:13 AM,BP24000402,"80XXX -899 Highway 95 N, BAYPORT",TRAFFIC STOP
BAYPORT POLICE DEPARTMENT,BAYPORT,1/22/2024 1:51:00 PM,BP24000404,"35XXX -442 5TH AVE N, BAYPORT",CITE - NO PROOF OF INSURANCE
BAYPORT POLICE DEPARTMENT,BAYPORT,1/22/2024 2:15:32 PM,BP24000405,"70XXX -973 MINNESOTA ST S, BAYPORT",V/W SPEED
BAYPORT POLICE DEPARTMENT,BAYPORT,1/22/2024 2:38:35 PM,BP24000406,"70XXX -972 MINNESOTA ST S, BAYPORT",V/W USE OF COMM DEVICE
BAYPORT POLICE DEPARTMENT,BAYPORT,1/22/2024 9:40:49 PM,BP24000410,"75XXX -998 Highway 95 N, BAYPORT",STAT RADAR
BAYPORT POLICE DEPARTMENT,BAYPORT,1/22/2024 11:00:22 PM,BP24000414,"XXX 2ND ST N, BAYPORT",CITIZEN/PUBLIC ASSIST
BAYPORT POLICE DEPARTMENT,BAYPORT,1/22/2024 11:46:22 PM,BP24000416,"35XXX -442 5TH AVE N, BAYPORT",V/W - Expired Registration
BAYPORT POLICE DEPARTMENT,BAYPORT,1/23/2024 9:49:52 AM,BP24000425,"XXX 4th St N, BAYPORT",RUNAWAY
BAYPORT POLICE DEPARTMENT,BAYPORT,1/23/2024 10:45:45 AM,BP24000426,"XXX Mariner Dr, BAYPORT",MEDICAL
BAYPORT POLICE DEPARTMENT,BAYPORT,1/23/2024 2:36:45 PM,BP24000430,"Hwy 95 At Central Ave, BAYPORT",DRIVING COMPLAINT
BAYPORT POLICE DEPARTMENT,BAYPORT,1/23/2024 4:23:19 PM,BP24000431,"XXX 3rd St S, BAYPORT",ANIMAL COMPLAINT
BAYPORT POLICE DEPARTMENT,BAYPORT,1/23/2024 10:27:59 PM,BP24000434,"30XXX -398 2ND AVE N, BAYPORT","CITED - No Proof of Insurance, Expired Registration"
BAYPORT POLICE DEPARTMENT,BAYPORT,1/23/2024 11:45:13 PM,BP24000437,"Highway 95 N / 10th Ave N, BAYPORT",ASSIST OTHER AGENCY
BAYPORT POLICE DEPARTMENT,BAYPORT,1/24/2024 6:58:46 AM,BP24000440,"XXX 3rd St N, BAYPORT",THEFT FROM MOTOR VEHICLE
BAYPORT POLICE DEPARTMENT,BAYTOWN TOWNSHIP,1/22/2024 4:06:59 PM,BP24000407,"15XXX -15499 30TH ST N, BAYTOWN TOWNSHIP",V/W FAIL TO MAINTAIN LANE
BAYPORT POLICE DEPARTMENT,STILLWATER,1/23/2024 3:31:37 AM,BP24000419,"XXX 3rd St S, STILLWATER",ASSIST OTHER AGENCY
BAYPORT POLICE DEPARTMENT,STILLWATER,1/24/2024 12:38:43 PM,BP24000442,"2XXX  Frontage Rd W, STILLWATER",OFFICER INFORMATION
COTTAGE GROVE POLICE DEPARTMENT,COTTAGE GROVE,1/21/2024 12:35:29 AM,CG24002267,"7XXX  Hardwood Ave S, COTTAGE GROVE",WARRANT ARREST
COTTAGE GROVE POLICE DEPARTMENT,COTTAGE GROVE,1/21/2024 12:38:00 AM,CG24002268,"Hwy 61/70th, COTTAGE GROVE",DWI
COTTAGE GROVE POLICE DEPARTMENT,COTTAGE GROVE,1/21/2024 9:11:37 AM,CG24002275,"6XXX  EAST POINT DOUGLAS RD S, COTTAGE GROVE",MEDICAL
COTTAGE GROVE POLICE DEPARTMENT,COTTAGE GROVE,1/21/2024 9:41:24 AM,CG24002277,"8XXX  Goodview Ave S, COTTAGE GROVE",MEDICAL
COTTAGE GROVE POLICE DEPARTMENT,COTTAGE GROVE,1/21/2024 1:21:00 PM,CG24002288,"9XXX  East Point Douglas Rd S, COTTAGE GROVE",TRAFFIC STOP
COTTAGE GROVE POLICE DEPARTMENT,COTTAGE GROVE,1/21/2024 2:31:00 PM,CG24002299,"9XXX  EAST POINT DOUGLAS RD S, COTTAGE GROVE",WARRANT ARREST
COTTAGE GROVE POLICE DEPARTMENT,COTTAGE GROVE,1/21/2024 2:41:07 PM,CG24002300,"6XXX  Hedgecroft Ave S, COTTAGE GROVE",FRAUD/SCAM
COTTAGE GROVE POLICE DEPARTMENT,COTTAGE GROVE,1/21/2024 3:04:00 PM,CG24002301,"9XXX  ISLAY AVE S, COTTAGE GROVE",PARKING VIOLATION
COTTAGE GROVE POLICE DEPARTMENT,COTTAGE GROVE,1/21/2024 4:53:05 PM,CG24002311,"8XXX  Hale Ave S, COTTAGE GROVE",MEDICAL
COTTAGE GROVE POLICE DEPARTMENT,COTTAGE GROVE,1/21/2024 6:35:08 PM,CG24002323,"8XXX  Inwood Ave S, COTTAGE GROVE",ACCIDENT
COTTAGE GROVE POLICE DEPARTMENT,COTTAGE GROVE,1/21/2024 9:18:25 PM,CG24002331,"6XXX  80th St S, COTTAGE GROVE",MEDICAL
COTTAGE GROVE POLICE DEPARTMENT,COTTAGE GROVE,1/21/2024 9:32:04 PM,CG24002334,"8XXX  East Point Douglas Rd S, COTTAGE GROVE",VEHICLE UNLOCK
COTTAGE GROVE POLICE DEPARTMENT,COTTAGE GROVE,1/21/2024 9:40:46 PM,CG24002336,"6XXX  Pine Crest Trl S, COTTAGE GROVE",CIVIL MATTER/DISPUTE
COTTAGE GROVE POLICE DEPARTMENT,COTTAGE GROVE,1/21/2024 10:01:52 PM,CG24002344,"8XXX  88th St S, COTTAGE GROVE",MEDICAL
COTTAGE GROVE POLICE DEPARTMENT,COTTAGE GROVE,1/21/2024 11:59:00 PM,CG24002362,"EAST POINT DOUGLAS RD S, COTTAGE GROVE",TRAFFIC STOP
COTTAGE GROVE POLICE DEPARTMENT,COTTAGE GROVE,1/22/2024 1:43:01 AM,CG24002368,"11XXX -11729 Highway 61, COTTAGE GROVE",ACCIDENT
COTTAGE GROVE POLICE DEPARTMENT,COTTAGE GROVE,1/22/2024 10:22:00 AM,CG24002383,"80XXX -8099 HADLEY AVE S, COTTAGE GROVE",TRAFFIC STOP
COTTAGE GROVE POLICE DEPARTMENT,COTTAGE GROVE,1/22/2024 10:53:59 AM,CG24002392,"9XXX  Keats Ave S, COTTAGE GROVE",MEDICAL
COTTAGE GROVE POLICE DEPARTMENT,COTTAGE GROVE,1/22/2024 11:16:18 AM,CG24002395,"6XXX  80th St S, COTTAGE GROVE",MEDICAL
COTTAGE GROVE POLICE DEPARTMENT,COTTAGE GROVE,1/22/2024 11:28:24 AM,CG24002399,"8XXX  Greystone Ave S, COTTAGE GROVE",MEDICAL
COTTAGE GROVE POLICE DEPARTMENT,COTTAGE GROVE,1/22/2024 12:25:00 PM,CG24002406,"76XXX -7898 HINTON AVE S, COTTAGE GROVE",TRAFFIC STOP
COTTAGE GROVE POLICE DEPARTMENT,COTTAGE GROVE,1/22/2024 1:34:00 PM,CG24002410,"89XXX -8999 HILLSIDE TRL S, COTTAGE GROVE",TRAFFIC STOP
COTTAGE GROVE POLICE DEPARTMENT,COTTAGE GROVE,1/22/2024 2:12:37 PM,CG24002414,"8XXX  East Point Douglas Rd S, COTTAGE GROVE",ACCIDENT
COTTAGE GROVE POLICE DEPARTMENT,COTTAGE GROVE,1/22/2024 2:27:06 PM,CG24002418,"9XXX  East Point Douglas Rd S, COTTAGE GROVE",MEDICAL
COTTAGE GROVE POLICE DEPARTMENT,COTTAGE GROVE,1/22/2024 2:39:41 PM,CG24002421,"8XXX  Jasmine Ln S, COTTAGE GROVE",MEDICAL
COTTAGE GROVE POLICE DEPARTMENT,COTTAGE GROVE,1/22/2024 2:45:55 PM,CG24002422,"12XXX  Ravine Pkwy S, COTTAGE GROVE",FINGERPRINTING
COTTAGE GROVE POLICE DEPARTMENT,COTTAGE GROVE,1/22/2024 3:01:00 PM,CG24002424,"Hwy 61 Nb Jno 80th St S, COTTAGE GROVE",TRAFFIC STOP
COTTAGE GROVE POLICE DEPARTMENT,COTTAGE GROVE,1/22/2024 3:55:26 PM,CG24002427,"7XXX  East Point Douglas Rd S, COTTAGE GROVE",TRESPASSING
COTTAGE GROVE POLICE DEPARTMENT,COTTAGE GROVE,1/22/2024 5:21:34 PM,CG24002435,"8XXX  115th St S, COTTAGE GROVE",CHILD CUSTODY
COTTAGE GROVE POLICE DEPARTMENT,COTTAGE GROVE,1/22/2024 6:22:26 PM,CG24002441,"6XXX  East Point Douglas Rd S, COTTAGE GROVE",MEDICAL
COTTAGE GROVE POLICE DEPARTMENT,COTTAGE GROVE,1/22/2024 7:22:34 PM,CG24002448,"85XXX -8648 HALE AVE S, COTTAGE GROVE",FOLLOW UP
COTTAGE GROVE POLICE DEPARTMENT,COTTAGE GROVE,1/22/2024 8:17:47 PM,CG24002450,"12XXX  Ravine Pkwy S, COTTAGE GROVE",SUICIDE ATTEMPT/THREATS OF
COTTAGE GROVE POLICE DEPARTMENT,COTTAGE GROVE,1/22/2024 9:16:11 PM,CG24002458,"8XXX  Hale Ave S, COTTAGE GROVE",MEDICAL
COTTAGE GROVE POLICE DEPARTMENT,COTTAGE GROVE,1/22/2024 10:36:00 PM,CG24002466,"Hwy 61 Sb Jso 80th St S, COTTAGE GROVE",TRAFFIC STOP
COTTAGE GROVE POLICE DEPARTMENT,COTTAGE GROVE,1/22/2024 11:40:00 PM,CG24002471,"HWY 61 and Jamaica Ave S, COTTAGE GROVE",TRAFFIC STOP
COTTAGE GROVE POLICE DEPARTMENT,COTTAGE GROVE,1/23/2024 12:00:00 AM,CG24002516,"Highway 61, COTTAGE GROVE",TRAFFIC STOP
COTTAGE GROVE POLICE DEPARTMENT,COTTAGE GROVE,1/23/2024 4:20:00 AM,CG24002473,"HWY 61 NB, COTTAGE GROVE",TRAFFIC STOP
COTTAGE GROVE POLICE DEPARTMENT,COTTAGE GROVE,1/23/2024 7:19:55 AM,CG24002475,"10XXX  68th St S, COTTAGE GROVE",MEDICAL
COTTAGE GROVE POLICE DEPARTMENT,COTTAGE GROVE,1/23/2024 7:54:00 AM,CG24002478,"8XXX  Irish Avenue Ct S, COTTAGE GROVE",MEDICAL
COTTAGE GROVE POLICE DEPARTMENT,COTTAGE GROVE,1/23/2024 9:54:11 AM,CG24002481,"8XXX  Jasmine Ln S, COTTAGE GROVE",MEDICAL
COTTAGE GROVE POLICE DEPARTMENT,COTTAGE GROVE,1/23/2024 10:06:56 AM,CG24002482,"8XXX  Isle Ave S, COTTAGE GROVE",MEDICAL
COTTAGE GROVE POLICE DEPARTMENT,COTTAGE GROVE,1/23/2024 10:20:39 AM,CG24002483,"6XXX  96TH ST S, COTTAGE GROVE",RUNAWAY
COTTAGE GROVE POLICE DEPARTMENT,COTTAGE GROVE,1/23/2024 10:43:00 AM,CG24002486,"72XXX -7428 EAST POINT DOUGLAS RD S, COTTAGE GROVE",TRAFFIC STOP
COTTAGE GROVE POLICE DEPARTMENT,COTTAGE GROVE,1/23/2024 10:56:54 AM,CG24002487,"6XXX  East Point Douglas Rd S, COTTAGE GROVE",MEDICAL
COTTAGE GROVE POLICE DEPARTMENT,COTTAGE GROVE,1/23/2024 11:16:00 AM,CG24002493,"81XXX -8398 HADLEY AVE S, COTTAGE GROVE",TRAFFIC STOP
COTTAGE GROVE POLICE DEPARTMENT,COTTAGE GROVE,1/23/2024 11:28:30 AM,CG24002495,"10XXX  Innovation Rd S, COTTAGE GROVE",MEDICAL
COTTAGE GROVE POLICE DEPARTMENT,COTTAGE GROVE,1/23/2024 11:51:00 AM,CG24002499,"6XXX  Pine Crest Trl S, COTTAGE GROVE",MISSING PERSON
COTTAGE GROVE POLICE DEPARTMENT,COTTAGE GROVE,1/23/2024 11:51:45 AM,CG24002500,"7XXX  East Point Douglas Rd S, COTTAGE GROVE",THEFT
COTTAGE GROVE POLICE DEPARTMENT,COTTAGE GROVE,1/23/2024 12:25:11 PM,CG24002503,"8XXX  Jocelyn Ave S, COTTAGE GROVE",DISTURBANCE
COTTAGE GROVE POLICE DEPARTMENT,COTTAGE GROVE,1/23/2024 12:32:50 PM,CG24002505,"8XXX  Greene Ave S, COTTAGE GROVE",MEDICAL
COTTAGE GROVE POLICE DEPARTMENT,COTTAGE GROVE,1/23/2024 12:41:00 PM,CG24002506,"EAST POINT DOUGLAS RD S, COTTAGE GROVE",TRAFFIC STOP
COTTAGE GROVE POLICE DEPARTMENT,COTTAGE GROVE,1/23/2024 1:10:00 PM,CG24002507,"70XXX -7295 80TH ST S, COTTAGE GROVE",TRAFFIC STOP
COTTAGE GROVE POLICE DEPARTMENT,COTTAGE GROVE,1/23/2024 2:38:39 PM,CG24002517,"Hadley Ave S / 95th St S, COTTAGE GROVE",ACCIDENT
COTTAGE GROVE POLICE DEPARTMENT,COTTAGE GROVE,1/23/2024 2:54:34 PM,CG24002519,"9XXX  Granada Ave S, COTTAGE GROVE",VEHICLE UNLOCK
COTTAGE GROVE POLICE DEPARTMENT,COTTAGE GROVE,1/23/2024 4:21:34 PM,CG24002523,"9XXX  Harrow Ave S, COTTAGE GROVE",WELFARE CHECK
COTTAGE GROVE POLICE DEPARTMENT,COTTAGE GROVE,1/23/2024 5:34:09 PM,CG24002525,"8XXX  East Point Douglas Rd S, COTTAGE GROVE",THEFT
COTTAGE GROVE POLICE DEPARTMENT,COTTAGE GROVE,1/23/2024 8:14:12 PM,CG24002536,"7XXX  98th St S, COTTAGE GROVE",MEDICAL
COTTAGE GROVE POLICE DEPARTMENT,COTTAGE GROVE,1/23/2024 8:39:02 PM,CG24002538,"6XXX  East Point Douglas Rd S, COTTAGE GROVE",MEDICAL
COTTAGE GROVE POLICE DEPARTMENT,COTTAGE GROVE,1/23/2024 10:33:46 PM,CG24002560,"80TH ST S TO HWY 61 SB RAMP, COTTAGE GROVE",TRAFFIC STOP
COTTAGE GROVE POLICE DEPARTMENT,COTTAGE GROVE,1/23/2024 11:56:49 PM,CG24002563,"7XXX  Joplin Ave S, COTTAGE GROVE",VEHICLE UNLOCK
COTTAGE GROVE POLICE DEPARTMENT,COTTAGE GROVE,1/24/2024 12:18:00 AM,CG24002565,"80th St S / Hemingway Ave S, COTTAGE GROVE",TRAFFIC STOP
COTTAGE GROVE POLICE DEPARTMENT,COTTAGE GROVE,1/24/2024 8:17:42 AM,CG24002575,"7XXX  Isleton Ave S, COTTAGE GROVE",CITIZEN/PUBLIC ASSIST
COTTAGE GROVE POLICE DEPARTMENT,COTTAGE GROVE,1/24/2024 8:20:52 AM,CG24002577,"8XXX  67th Street Ct S, COTTAGE GROVE",VEHICLE UNLOCK
COTTAGE GROVE POLICE DEPARTMENT,COTTAGE GROVE,1/24/2024 9:53:02 AM,CG24002579,"6XXX  Meadow Grass Ln S, COTTAGE GROVE",WELFARE CHECK
COTTAGE GROVE POLICE DEPARTMENT,COTTAGE GROVE,1/24/2024 10:08:00 AM,CG24002580,"13XXX  Ravine Pkwy S, COTTAGE GROVE",WARRANT ARREST
COTTAGE GROVE POLICE DEPARTMENT,COTTAGE GROVE,1/24/2024 10:35:02 AM,CG24002583,"8XXX  76th St S, COTTAGE GROVE",CIVIL MATTER/DISPUTE
COTTAGE GROVE POLICE DEPARTMENT,COTTAGE GROVE,1/24/2024 10:46:45 AM,CG24002584,"7XXX  99th St S, COTTAGE GROVE",MOTOR VEHICLE THEFT
COTTAGE GROVE POLICE DEPARTMENT,COTTAGE GROVE,1/24/2024 12:12:18 PM,CG24002587,"7XXX  Hearthside Ave S, COTTAGE GROVE",MEDICAL
COTTAGE GROVE POLICE DEPARTMENT,COTTAGE GROVE,1/24/2024 9:55:26 PM,CG24002644,"8XXX  Ironwood Ave S, COTTAGE GROVE",SUICIDE ATTEMPT/THREATS OF
COTTAGE GROVE POLICE DEPARTMENT,COTTAGE GROVE,1/25/2024 1:28:53 AM,CG24002685,"8XXX  Indahl Ave S, COTTAGE GROVE",MEDICAL
COTTAGE GROVE POLICE DEPARTMENT,COTTAGE GROVE,1/25/2024 1:37:50 AM,CG24002686,"97TH ST S / HEATH AVE S, COTTAGE GROVE",TRAFFIC STOP
FOREST LAKE POLICE DEPARTMENT,FOREST LAKE,1/21/2024 3:12:23 AM,FL24000644,"1XXX  7TH AVE SW, FOREST LAKE",WELFARE CHECK
FOREST LAKE POLICE DEPARTMENT,FOREST LAKE,1/21/2024 7:42:38 AM,FL24000648,"6XXX  205TH CT N, FOREST LAKE",FAMILY ASSIST
FOREST LAKE POLICE DEPARTMENT,FOREST LAKE,1/21/2024 7:42:43 PM,FL24000669,"23XXX  JENSEN AVE N, FOREST LAKE",WARRANT ARREST
FOREST LAKE POLICE DEPARTMENT,FOREST LAKE,1/23/2024 1:32:00 AM,FL24000707,"LAKE ST N & NORTH SHORE DR, FOREST LAKE",DWI
FOREST LAKE POLICE DEPARTMENT,SCANDIA,1/23/2024 8:03:48 AM,FL24000711,"14XXX  SCANDIA TRL N, SCANDIA",ASSIST OTHER AGENCY
OAKDALE POLICE DEPARTMENT,MAHTOMEDI,1/22/2024 7:23:08 PM,OD24001030,"1XXX  Echo Lake Ct, MAHTOMEDI",ASSIST OTHER AGENCY
OAKDALE POLICE DEPARTMENT,O,1/26/2024 9:31:54 AM,OD24001176,"1XXX  HADLEY AVE N, O",CITIZEN/PUBLIC ASSIST
OAKDALE POLICE DEPARTMENT,OAKDALE,1/21/2024 12:28:44 AM,OD24000973,"XX 34th St N To I694 Nb Ramp, OAKDALE",TRAFFIC STOP
OAKDALE POLICE DEPARTMENT,OAKDALE,1/21/2024 12:55:21 AM,OD24000974,"Geneva Ave N/ Highway 36, OAKDALE",TRAFFIC STOP
OAKDALE POLICE DEPARTMENT,OAKDALE,1/21/2024 1:50:56 AM,OD24000976,"HWY 36 EB TO HADLEY AVE N RAMP, OAKDALE",TRAFFIC STOP
OAKDALE POLICE DEPARTMENT,OAKDALE,1/21/2024 5:24:23 AM,OD24000977,"2XXX  Hydram Ave N, OAKDALE",MEDICAL
OAKDALE POLICE DEPARTMENT,OAKDALE,1/21/2024 6:09:02 AM,OD24000978,"Unknown, OAKDALE",FOLLOW UP
OAKDALE POLICE DEPARTMENT,OAKDALE,1/21/2024 7:53:38 AM,OD24000979,"1XXX  Hadley Ave N, OAKDALE",CITIZEN/PUBLIC ASSIST
OAKDALE POLICE DEPARTMENT,OAKDALE,1/21/2024 8:30:39 AM,OD24000980,"15th St N / 15th St Pl, OAKDALE",ANIMAL COMPLAINT
OAKDALE POLICE DEPARTMENT,OAKDALE,1/21/2024 11:12:23 AM,OD24000981,"6XXX  4TH ST N, OAKDALE",RUNAWAY
OAKDALE POLICE DEPARTMENT,OAKDALE,1/21/2024 12:23:25 PM,OD24000983,"5XXX  Hadley Ave N, OAKDALE",THEFT
OAKDALE POLICE DEPARTMENT,OAKDALE,1/21/2024 2:36:24 PM,OD24000984,"XXX Grange Ave N, OAKDALE",ANIMAL COMPLAINT
OAKDALE POLICE DEPARTMENT,OAKDALE,1/21/2024 3:23:23 PM,OD24000985,"34TH ST N TO I694 NB RAMP, OAKDALE",TRAFFIC STOP
OAKDALE POLICE DEPARTMENT,OAKDALE,1/21/2024 3:36:48 PM,OD24000986,"6XXX  45TH ST N, OAKDALE",TRAFFIC STOP
OAKDALE POLICE DEPARTMENT,OAKDALE,1/21/2024 6:02:47 PM,OD24000988,"Helmo Ave N / 10th St N, OAKDALE",TRAFFIC STOP
OAKDALE POLICE DEPARTMENT,OAKDALE,1/21/2024 6:09:24 PM,OD24000989,"3XXX  Hadley Ave N, OAKDALE",CITIZEN/PUBLIC ASSIST
OAKDALE POLICE DEPARTMENT,OAKDALE,1/21/2024 7:46:56 PM,OD24000991,"XXX GREENWAY AVE N, OAKDALE",UNSECURE PREMISE
OAKDALE POLICE DEPARTMENT,OAKDALE,1/21/2024 7:47:13 PM,OD24000990,"5XXX  HADLEY AVE N, OAKDALE",SUSPICIOUS PERSON/ACTIVITY
OAKDALE POLICE DEPARTMENT,OAKDALE,1/21/2024 8:11:14 PM,OD24000992,"2XXX  Hadley Ave N, OAKDALE",TRAFFIC STOP
OAKDALE POLICE DEPARTMENT,OAKDALE,1/21/2024 8:24:03 PM,OD24000993,"7XXX  3rd St N, OAKDALE",FLEEING
OAKDALE POLICE DEPARTMENT,OAKDALE,1/21/2024 9:31:09 PM,OD24000994,"4th St N / Imperial Ave N, OAKDALE",TRAFFIC STOP
OAKDALE POLICE DEPARTMENT,OAKDALE,1/21/2024 9:31:36 PM,OD24000995,"XXX HAYWARD AVE N, OAKDALE",SUSPICIOUS PERSON/ACTIVITY
OAKDALE POLICE DEPARTMENT,OAKDALE,1/21/2024 9:49:42 PM,OD24000997,"XXX HALE AVE N, OAKDALE",THEFT
OAKDALE POLICE DEPARTMENT,OAKDALE,1/21/2024 10:16:37 PM,OD24000998,"2XXX  Grange Ave N, OAKDALE",HARASSMENT
OAKDALE POLICE DEPARTMENT,OAKDALE,1/22/2024 2:43:13 AM,OD24001000,"GENEVA AVE N/ STILLWATER BLVD, OAKDALE",DWI
OAKDALE POLICE DEPARTMENT,OAKDALE,1/22/2024 7:54:54 AM,OD24001001,"6XXX  15TH ST N, OAKDALE",WELFARE CHECK
OAKDALE POLICE DEPARTMENT,OAKDALE,1/22/2024 8:29:37 AM,OD24001002,"3XXX  Gershwin Ln N, OAKDALE",MEDICAL
OAKDALE POLICE DEPARTMENT,OAKDALE,1/22/2024 8:49:38 AM,OD24001003,"6XXX  3rd St N, OAKDALE",MEDICAL
OAKDALE POLICE DEPARTMENT,OAKDALE,1/22/2024 10:42:06 AM,OD24001005,"3XXX  Gershwin Ave N, OAKDALE",FOLLOW UP
OAKDALE POLICE DEPARTMENT,OAKDALE,1/22/2024 11:53:01 AM,OD24001012,"7XXX  31ST STREET PL N, OAKDALE",PARKING COMPLAINT
OAKDALE POLICE DEPARTMENT,OAKDALE,1/22/2024 12:02:43 PM,OD24001013,"6XXX  50th St N, OAKDALE",ACCIDENT
OAKDALE POLICE DEPARTMENT,OAKDALE,1/22/2024 1:29:47 PM,OD24001014,"4XXX  HELMO AVE N, OAKDALE",ABANDONED VEHICLE
OAKDALE POLICE DEPARTMENT,OAKDALE,1/22/2024 3:28:47 PM,OD24001019,"2XXX  Grenadier Ave N, OAKDALE",MISC INFO
OAKDALE POLICE DEPARTMENT,OAKDALE,1/22/2024 5:04:18 PM,OD24001023,"Hadley Ave/10th St, OAKDALE",TRAFFIC STOP
OAKDALE POLICE DEPARTMENT,OAKDALE,1/22/2024 5:26:18 PM,OD24001024,"7XXX  10th St N, OAKDALE",DISTURBANCE
OAKDALE POLICE DEPARTMENT,OAKDALE,1/22/2024 5:36:31 PM,OD24001025,"7XXX  3rd St N, OAKDALE",CITIZEN/PUBLIC ASSIST
OAKDALE POLICE DEPARTMENT,OAKDALE,1/22/2024 7:01:06 PM,OD24001027,"7XXX  36th St N, OAKDALE",911 ABANDONED/HANGUP/OPEN LINE
OAKDALE POLICE DEPARTMENT,OAKDALE,1/22/2024 7:17:39 PM,OD24001028,"XX I694 Nb To 34th St N Ramp, OAKDALE",911 ABANDONED/HANGUP/OPEN LINE
OAKDALE POLICE DEPARTMENT,OAKDALE,1/22/2024 7:23:56 PM,OD24001029,"7XXX  34TH ST N, OAKDALE",TRAFFIC STOP
OAKDALE POLICE DEPARTMENT,OAKDALE,1/22/2024 7:30:15 PM,OD24001031,"7XXX  UPPER 36TH ST N, OAKDALE",SUICIDE
OAKDALE POLICE DEPARTMENT,OAKDALE,1/22/2024 7:58:52 PM,OD24001032,"3XXX  HADLEY AVE N, OAKDALE",TRAFFIC STOP
OAKDALE POLICE DEPARTMENT,OAKDALE,1/22/2024 8:19:38 PM,OD24001033,"1XXX  HALLMARK CIR N, OAKDALE",NOISE COMPLAINT/DISTURBANCE
OAKDALE POLICE DEPARTMENT,OAKDALE,1/22/2024 8:24:06 PM,OD24001034,"3XXX  Gershwin Ave N, OAKDALE",THEFT
OAKDALE POLICE DEPARTMENT,OAKDALE,1/22/2024 8:48:25 PM,OD24001035,"3XXX  GERSHWIN AVE N, OAKDALE",FOLLOW UP
OAKDALE POLICE DEPARTMENT,OAKDALE,1/22/2024 9:47:12 PM,OD24001036," 6282 12TH ST N    , OAKDALE",SUSPICIOUS PERSON/ACTIVITY
OAKDALE POLICE DEPARTMENT,OAKDALE,1/22/2024 10:28:46 PM,OD24001039,"4XXX  Hamlet Ave N, OAKDALE",NOISE COMPLAINT/DISTURBANCE
OAKDALE POLICE DEPARTMENT,OAKDALE,1/22/2024 10:30:18 PM,OD24001037,"2XXX  HADLEY AVE N, OAKDALE",TRAFFIC STOP
OAKDALE POLICE DEPARTMENT,OAKDALE,1/22/2024 10:30:22 PM,OD24001038,"6XXX  54th St N, OAKDALE",DISTURBANCE
OAKDALE POLICE DEPARTMENT,OAKDALE,1/22/2024 11:04:15 PM,OD24001040,"3XXX  Geneva Ave N, OAKDALE",JUVENILE COMPLAINT
OAKDALE POLICE DEPARTMENT,OAKDALE,1/23/2024 12:43:46 AM,OD24001042,"40th St N / Geneva Ave N, OAKDALE",TRAFFIC STOP
OAKDALE POLICE DEPARTMENT,OAKDALE,1/23/2024 8:52:51 AM,OD24001044,"7XXX  UPPER 15TH ST N, OAKDALE",ANIMAL COMPLAINT
OAKDALE POLICE DEPARTMENT,OAKDALE,1/23/2024 1:11:33 PM,OD24001047,"7XXX  24th St N, OAKDALE",SUSPICIOUS PERSON/ACTIVITY
OAKDALE POLICE DEPARTMENT,OAKDALE,1/23/2024 1:17:52 PM,OD24001048,"7XXX  36th st n, OAKDALE",PARKING COMPLAINT
OAKDALE POLICE DEPARTMENT,OAKDALE,1/23/2024 1:19:31 PM,OD24001049,"7XXX  36TH ST N, OAKDALE",PARKING VIOLATION
OAKDALE POLICE DEPARTMENT,OAKDALE,1/23/2024 2:51:08 PM,OD24001050,"7XXX  33rd St N, OAKDALE",MOTOR VEHICLE THEFT
OAKDALE POLICE DEPARTMENT,OAKDALE,1/23/2024 4:07:24 PM,OD24001051,"3XXX  Gershwin Ave N, OAKDALE",SUSPICIOUS PERSON/ACTIVITY
OAKDALE POLICE DEPARTMENT,OAKDALE,1/23/2024 4:22:11 PM,OD24001052,"6XXX  8th St N, OAKDALE",DISTURBANCE
OAKDALE POLICE DEPARTMENT,OAKDALE,1/23/2024 4:35:37 PM,OD24001053,"4XXX  Hamlet Ave N, OAKDALE",FOLLOW UP
OAKDALE POLICE DEPARTMENT,OAKDALE,1/23/2024 5:38:58 PM,OD24001054,"6XXX  12th St N, OAKDALE",HARASSMENT
OAKDALE POLICE DEPARTMENT,OAKDALE,1/23/2024 6:26:31 PM,OD24001056,"7XXX  Stillwater Blvd N, OAKDALE",CITIZEN/PUBLIC ASSIST
OAKDALE POLICE DEPARTMENT,OAKDALE,1/23/2024 7:37:28 PM,OD24001058,"7XXX  I-694, OAKDALE",ASSIST OTHER AGENCY
OAKDALE POLICE DEPARTMENT,OAKDALE,1/23/2024 9:03:43 PM,OD24001060,"7XXX  46TH ST N, OAKDALE",MEDICAL
OAKDALE POLICE DEPARTMENT,OAKDALE,1/23/2024 9:48:02 PM,OD24001061,"3XXX  HADLEY AVE N, OAKDALE",ALARM-BUSINESS/RES/FIRE/MEDICAL/ETC
OAKDALE POLICE DEPARTMENT,OAKDALE,1/23/2024 10:53:51 PM,OD24001064,"1XXX  HADLEY AVE N, OAKDALE",CITIZEN/PUBLIC ASSIST
OAKDALE POLICE DEPARTMENT,OAKDALE,1/23/2024 11:41:44 PM,OD24001068,"3XXX  GENEVA AVE N, OAKDALE",TRAFFIC STOP
OAKDALE POLICE DEPARTMENT,OAKDALE,1/24/2024 1:23:19 AM,OD24001072,"7XXX  32nd St N, OAKDALE",ALARM-BUSINESS/RES/FIRE/MEDICAL/ETC
OAKDALE POLICE DEPARTMENT,OAKDALE,1/24/2024 1:34:17 AM,OD24001073,"XXX HELMO AVE N, OAKDALE",DIRECTED PATROL
OAKDALE POLICE DEPARTMENT,OAKDALE,1/24/2024 1:53:47 AM,OD24001075,"7XXX  10TH ST N, OAKDALE",SUSPICIOUS PERSON/ACTIVITY
OAKDALE POLICE DEPARTMENT,OAKDALE,1/24/2024 2:04:17 AM,OD24001076,"1XXX  Geneva Ave N, OAKDALE",TRAFFIC STOP
OAKDALE POLICE DEPARTMENT,OAKDALE,1/24/2024 2:23:56 AM,OD24001077,"6XXX  44TH ST N, OAKDALE",RECOVERED STOLEN
OAKDALE POLICE DEPARTMENT,OAKDALE,1/24/2024 2:27:00 AM,OD24001078,"3XXX  HADLEY AVE N, OAKDALE",TRAFFIC STOP
OAKDALE POLICE DEPARTMENT,OAKDALE,1/24/2024 3:28:11 AM,OD24001080,"3XXX  HADLEY AVE N, OAKDALE",WELFARE CHECK
OAKDALE POLICE DEPARTMENT,OAKDALE,1/24/2024 8:51:26 AM,OD24001084,"7XXX  34TH ST N, OAKDALE",MOTORIST ASSIST
OAKDALE POLICE DEPARTMENT,OAKDALE,1/24/2024 9:07:13 AM,OD24001086,"XXX GLENBROOK CT N, OAKDALE",PARKING VIOLATION
OAKDALE POLICE DEPARTMENT,OAKDALE,1/24/2024 10:01:26 AM,OD24001087,"2XXX  Granite Avenue Cir N, OAKDALE",MEDICAL
OAKDALE POLICE DEPARTMENT,OAKDALE,1/24/2024 10:03:33 AM,OD24001088,"34th St N / I694, OAKDALE",ACCIDENT
OAKDALE POLICE DEPARTMENT,OAKDALE,1/24/2024 10:16:37 AM,OD24001089,"4XXX  Hadley Cir N, OAKDALE",MEDICAL
OAKDALE POLICE DEPARTMENT,OAKDALE,1/24/2024 10:32:56 AM,OD24001090,"7XXX  15TH ST N, OAKDALE",THREATS
OAKDALE POLICE DEPARTMENT,OAKDALE,1/24/2024 11:17:01 AM,OD24001092,"7XXX  Upper 38th St N, OAKDALE",OFP VIOLATION
OAKDALE POLICE DEPARTMENT,OAKDALE,1/24/2024 12:33:14 PM,OD24001094,"4XXX  Geneva Ave N, OAKDALE",CITIZEN/PUBLIC ASSIST
OAKDALE POLICE DEPARTMENT,OAKDALE,1/24/2024 1:42:33 PM,OD24001095,"6XXX  8TH STREET LN N, OAKDALE",PARKING VIOLATION
OAKDALE POLICE DEPARTMENT,OAKDALE,1/24/2024 1:56:05 PM,OD24001097,"XXX Glenbrook Ave N, OAKDALE",THREATS
OAKDALE POLICE DEPARTMENT,OAKDALE,1/24/2024 4:46:41 PM,OD24001103,"XXX Greenway Ave N, OAKDALE",VEHICLE UNLOCK
OAKDALE POLICE DEPARTMENT,OAKDALE,1/24/2024 6:20:44 PM,OD24001104,"7XXX  Stillwater Blvd N, OAKDALE",CIVIL MATTER/DISPUTE
OAKDALE POLICE DEPARTMENT,OAKDALE,1/24/2024 6:39:49 PM,OD24001105,"5XXX  Hadley Ave N, OAKDALE",SHOPLIFTING
OAKDALE POLICE DEPARTMENT,OAKDALE,1/24/2024 8:25:36 PM,OD24001109,"Unknown, OAKDALE",CITIZEN/PUBLIC ASSIST
OAKDALE POLICE DEPARTMENT,OAKDALE,1/24/2024 8:36:54 PM,OD24001110,"XXX Goodview Ave N, OAKDALE",SUSPICIOUS PERSON/ACTIVITY
OAKDALE POLICE DEPARTMENT,OAKDALE,1/24/2024 10:02:52 PM,OD24001113,"GENEVA AVE N/ 12TH ST N, OAKDALE",TRAFFIC STOP
OAKDALE POLICE DEPARTMENT,OAKDALE,1/25/2024 12:54:35 AM,OD24001120,"Geneva Ave N / Ivy Ave E, OAKDALE",TRAFFIC STOP
ST. PAUL PARK POLICE DEPARTMENT,SAINT PAUL PARK,1/23/2024 4:42:30 PM,SP24000313,"1XXX  7th St, SAINT PAUL PARK",FIRE
STILLWATER POLICE DEPARTMENT,STILLWATER,1/21/2024 12:53:16 AM,SW24000589,"Frontage Rd W / Greeley St S, STILLWATER",OFFICER INFORMATION
STILLWATER POLICE DEPARTMENT,STILLWATER,1/21/2024 3:43:24 AM,SW24000595,"Hwy 36 Wb To Stillwater Blvd N Ramp, STILLWATER",WELFARE CHECK
STILLWATER POLICE DEPARTMENT,STILLWATER,1/21/2024 7:30:09 AM,SW24000596,"XXX Churchill St W, STILLWATER",ALARM-BUSINESS/RES/FIRE/MEDICAL/ETC
STILLWATER POLICE DEPARTMENT,STILLWATER,1/21/2024 9:43:09 AM,SW24000597,"XXX 2nd St N, STILLWATER",CITIZEN/PUBLIC ASSIST
STILLWATER POLICE DEPARTMENT,STILLWATER,1/21/2024 10:20:12 AM,SW24000599,"Unknown, STILLWATER",CITIZEN/PUBLIC ASSIST
STILLWATER POLICE DEPARTMENT,STILLWATER,1/21/2024 10:27:50 AM,SW24000600,"XXX Water St S, STILLWATER",SUSPICIOUS PERSON/ACTIVITY
STILLWATER POLICE DEPARTMENT,STILLWATER,1/21/2024 11:29:00 AM,SW24000602,"2XXX  ORLEANS ST W, STILLWATER",DWI
STILLWATER POLICE DEPARTMENT,STILLWATER,1/21/2024 12:54:34 PM,SW24000604,"1XXX  1st St S, STILLWATER",ALARM-BUSINESS/RES/FIRE/MEDICAL/ETC
STILLWATER POLICE DEPARTMENT,STILLWATER,1/21/2024 3:47:49 PM,SW24000608,"XXX 4TH ST N, STILLWATER",ANIMAL COMPLAINT
STILLWATER POLICE DEPARTMENT,STILLWATER,1/21/2024 4:06:34 PM,SW24000610,"2XXX  Orleans St W, STILLWATER",MEDICAL
STILLWATER POLICE DEPARTMENT,STILLWATER,1/21/2024 6:19:37 PM,SW24000613,"1XXX  Cottage Dr, STILLWATER",SUICIDE ATTEMPT/THREATS OF
STILLWATER POLICE DEPARTMENT,STILLWATER,1/21/2024 10:14:20 PM,SW24000621,"XXX Harriet St S, STILLWATER",911 ABANDONED/HANGUP/OPEN LINE
STILLWATER POLICE DEPARTMENT,STILLWATER,1/21/2024 10:15:27 PM,SW24000622,"1XXX  Frontage Rd W, STILLWATER",DANCO VIOLATION
STILLWATER POLICE DEPARTMENT,STILLWATER,1/22/2024 12:05:23 AM,SW24000623,"XXX 6th St S, STILLWATER",MEDICAL
STILLWATER POLICE DEPARTMENT,STILLWATER,1/22/2024 7:12:35 AM,SW24000625,"1XXX  Market Dr, STILLWATER",LOCKOUT
STILLWATER POLICE DEPARTMENT,STILLWATER,1/22/2024 8:54:34 AM,SW24000626,"XXX Martha St N, STILLWATER",PARKING COMPLAINT
STILLWATER POLICE DEPARTMENT,STILLWATER,1/22/2024 10:00:49 AM,SW24000627,"1XXX  EASTRIDGE CT, STILLWATER",CITIZEN/PUBLIC ASSIST
STILLWATER POLICE DEPARTMENT,STILLWATER,1/22/2024 12:00:00 PM,SW24000630,"XXX 3RD ST S, STILLWATER",DANCO VIOLATION
STILLWATER POLICE DEPARTMENT,STILLWATER,1/22/2024 1:49:29 PM,SW24000633,"6XXX  Manning Ave N, STILLWATER",TRESPASSING
STILLWATER POLICE DEPARTMENT,STILLWATER,1/22/2024 1:57:40 PM,SW24000635,"XXX Main St N, STILLWATER",PARKING COMPLAINT
STILLWATER POLICE DEPARTMENT,STILLWATER,1/22/2024 5:11:57 PM,SW24000640,"1XXX  Frontage Rd W, STILLWATER",ACCIDENT
STILLWATER POLICE DEPARTMENT,STILLWATER,1/22/2024 6:20:13 PM,SW24000641,"Settlers Way / Manning Ave N, STILLWATER",ACCIDENT
STILLWATER POLICE DEPARTMENT,STILLWATER,1/22/2024 7:18:48 PM,SW24000642,"XXX 3rd St S, STILLWATER",CIVIL MATTER/DISPUTE
STILLWATER POLICE DEPARTMENT,STILLWATER,1/22/2024 7:48:47 PM,SW24000643,"XXX 5th St S, STILLWATER",CITIZEN/PUBLIC ASSIST
STILLWATER POLICE DEPARTMENT,STILLWATER,1/22/2024 8:21:17 PM,SW24000644,"XXX Hanson Pl, STILLWATER",SUSPICIOUS PERSON/ACTIVITY
STILLWATER POLICE DEPARTMENT,STILLWATER,1/22/2024 11:22:26 PM,SW24000645,"1XXX  Curve Crest Blvd, STILLWATER",CITIZEN/PUBLIC ASSIST
STILLWATER POLICE DEPARTMENT,STILLWATER,1/23/2024 2:19:54 AM,SW24000646,"1XXX  OWENS ST N, STILLWATER",DEATH
STILLWATER POLICE DEPARTMENT,STILLWATER,1/23/2024 3:31:37 AM,SW24000647,"XXX 3rd St S, STILLWATER",CITIZEN/PUBLIC ASSIST
STILLWATER POLICE DEPARTMENT,STILLWATER,1/23/2024 4:10:44 AM,SW24000648,"1XXX  4th Ave S, STILLWATER",ALARM-BUSINESS/RES/FIRE/MEDICAL/ETC
STILLWATER POLICE DEPARTMENT,STILLWATER,1/23/2024 4:30:30 AM,SW24000649,"3XXX  Ilo Way, STILLWATER",911 ABANDONED/HANGUP/OPEN LINE
STILLWATER POLICE DEPARTMENT,STILLWATER,1/23/2024 6:24:20 AM,SW24000650,"1XXX  Tower Dr, STILLWATER",ALARM-BUSINESS/RES/FIRE/MEDICAL/ETC
STILLWATER POLICE DEPARTMENT,STILLWATER,1/23/2024 8:27:17 AM,SW24000651,"XXX Owens St N, STILLWATER",DIRECTED PATROL
STILLWATER POLICE DEPARTMENT,STILLWATER,1/23/2024 8:43:42 AM,SW24000652,"3XXX  Judd Trl, STILLWATER",ACCIDENT
STILLWATER POLICE DEPARTMENT,STILLWATER,1/23/2024 9:40:19 AM,SW24000654,"XXX 4th st N, STILLWATER",CIVIL MATTER/DISPUTE
STILLWATER POLICE DEPARTMENT,STILLWATER,1/23/2024 10:05:39 AM,SW24000655,"XXX Stillwater Blvd N, STILLWATER",DIRECTED PATROL
STILLWATER POLICE DEPARTMENT,STILLWATER,1/23/2024 10:35:46 AM,SW24000656,"XXX 3rd St S, STILLWATER",PARKING COMPLAINT
STILLWATER POLICE DEPARTMENT,STILLWATER,1/23/2024 1:05:54 PM,SW24000662,"Settlers Way / Manning Ave N, STILLWATER",ACCIDENT
STILLWATER POLICE DEPARTMENT,STILLWATER,1/23/2024 2:40:29 PM,SW24000663,"XXX Nightingale Blvd, STILLWATER",ANIMAL COMPLAINT
STILLWATER POLICE DEPARTMENT,STILLWATER,1/23/2024 5:30:08 PM,SW24000667,"2XXX  Marine Cir, STILLWATER",MEDICAL
STILLWATER POLICE DEPARTMENT,STILLWATER,1/23/2024 6:12:33 PM,SW24000668,"8XXX  Morgan Ave N, STILLWATER",911 ABANDONED/HANGUP/OPEN LINE
STILLWATER POLICE DEPARTMENT,STILLWATER,1/23/2024 7:13:14 PM,SW24000670,"XXX Cherry St W, STILLWATER",911 ABANDONED/HANGUP/OPEN LINE
STILLWATER POLICE DEPARTMENT,STILLWATER,1/24/2024 9:23:25 AM,SW24000675,"XXX Maple St W, STILLWATER",CIVIL MATTER/DISPUTE
STILLWATER POLICE DEPARTMENT,STILLWATER,1/24/2024 10:24:16 AM,SW24000679,"1XXX  Owens St N, STILLWATER",GAS DRIVE OFF
STILLWATER POLICE DEPARTMENT,STILLWATER,1/24/2024 11:18:13 AM,SW24000680,"XXX Olive St W, STILLWATER",WELFARE CHECK
STILLWATER POLICE DEPARTMENT,STILLWATER,1/24/2024 12:36:41 PM,SW24000683,"1XXX  Macey Way, STILLWATER",SUSPICIOUS PERSON/ACTIVITY
STILLWATER POLICE DEPARTMENT,STILLWATER,1/24/2024 12:38:43 PM,SW24000682,"2XXX  Frontage Rd W, STILLWATER",OFFICER INFORMATION
STILLWATER POLICE DEPARTMENT,STILLWATER,1/24/2024 12:39:27 PM,SW24000681,"10XXX -128 MARTHA ST N, STILLWATER",PARKING COMPLAINT
STILLWATER POLICE DEPARTMENT,STILLWATER,1/24/2024 1:01:36 PM,SW24000684,"XXX OWENS ST N, STILLWATER",DIRECTED PATROL
STILLWATER POLICE DEPARTMENT,STILLWATER,1/24/2024 1:16:59 PM,SW24000686,"XXX 4th St N, STILLWATER",PARKING VIOLATION
STILLWATER POLICE DEPARTMENT,STILLWATER,1/24/2024 1:35:51 PM,SW24000687,"XXX 2nd St S, STILLWATER",FRAUD/SCAM
STILLWATER POLICE DEPARTMENT,STILLWATER,1/24/2024 3:53:12 PM,SW24000694,"XXX 4th St N, STILLWATER",HARASSMENT
WASHINGTON COUNTY SHERIFFS OFFICE,AFTON,1/21/2024 4:30:06 AM,WC24003753,"15XXX  35th St S, AFTON",WELFARE CHECK
WASHINGTON COUNTY SHERIFFS OFFICE,AFTON,1/22/2024 2:04:00 AM,WC24003866,"Manning Ave S / 40th St S, AFTON",TRAFFIC STOP
WASHINGTON COUNTY SHERIFFS OFFICE,AFTON,1/22/2024 5:19:37 PM,WC24003983,"12XXX  Hudson Rd S, AFTON",ALARM-BUSINESS/RES/FIRE/MEDICAL/ETC
WASHINGTON COUNTY SHERIFFS OFFICE,AFTON,1/23/2024 10:44:53 AM,WC24004115,"12XXX  8th St S, AFTON",SUSPICIOUS PERSON/ACTIVITY
WASHINGTON COUNTY SHERIFFS OFFICE,AFTON,1/23/2024 1:57:54 PM,WC24004143,"1XXX  Stagecoach Trl S, AFTON",CITIZEN/PUBLIC ASSIST
WASHINGTON COUNTY SHERIFFS OFFICE,AFTON,1/24/2024 11:12:47 AM,WC24004321,"I94 Eb At Manning Ave S, AFTON",DRIVING COMPLAINT
WASHINGTON COUNTY SHERIFFS OFFICE,AFTON,1/24/2024 3:48:18 PM,WC24004360,"14XXX  Afton Blvd S, AFTON",ANIMAL COMPLAINT
WASHINGTON COUNTY SHERIFFS OFFICE,AFTON,1/24/2024 6:16:04 PM,WC24004381,"3XXX  Saint Croix Trl S, AFTON",ALARM-BUSINESS/RES/FIRE/MEDICAL/ETC
WASHINGTON COUNTY SHERIFFS OFFICE,AFTON,1/24/2024 9:33:11 PM,WC24004406,"XXX Stagecoach Trl S, AFTON",SUSPICIOUS PERSON/ACTIVITY
WASHINGTON COUNTY SHERIFFS OFFICE,BAYTOWN TOWNSHIP,1/21/2024 4:07:49 PM,WC24003802,"5XXX  Northbrook Blvd N, BAYTOWN TOWNSHIP",CIVIL MATTER/DISPUTE
WASHINGTON COUNTY SHERIFFS OFFICE,BAYTOWN TOWNSHIP,1/22/2024 5:03:07 AM,WC24003880,"Odegard Ave N / Olinda Blvd N, BAYTOWN TOWNSHIP",SUSPICIOUS PERSON/ACTIVITY
WASHINGTON COUNTY SHERIFFS OFFICE,BAYTOWN TOWNSHIP,1/23/2024 7:35:14 AM,WC24004061,"4XXX  Normandale Ct N, BAYTOWN TOWNSHIP",ALARM-BUSINESS/RES/FIRE/MEDICAL/ETC
WASHINGTON COUNTY SHERIFFS OFFICE,BAYTOWN TOWNSHIP,1/24/2024 10:55:25 AM,WC24004318,"4XXX  Osgood Ave N, BAYTOWN TOWNSHIP",MEDICAL
WASHINGTON COUNTY SHERIFFS OFFICE,BAYTOWN TOWNSHIP,1/24/2024 11:10:44 AM,WC24004320,"14XXX  34th St N, BAYTOWN TOWNSHIP",ALARM-BUSINESS/RES/FIRE/MEDICAL/ETC
WASHINGTON COUNTY SHERIFFS OFFICE,COTTAGE GROVE,1/21/2024 12:38:37 AM,WC24003711,"Hwy 61 Nb Jso 70th St S, COTTAGE GROVE",ASSIST OTHER AGENCY
WASHINGTON COUNTY SHERIFFS OFFICE,COTTAGE GROVE,1/22/2024 10:11:00 AM,WC24003926,"Unknown, COTTAGE GROVE",CITIZEN/PUBLIC ASSIST
WASHINGTON COUNTY SHERIFFS OFFICE,COTTAGE GROVE,1/23/2024 7:48:00 AM,WC24004067,"6XXX  Highland Hills Ln S, COTTAGE GROVE",ASSIST OTHER AGENCY
WASHINGTON COUNTY SHERIFFS OFFICE,COTTAGE GROVE,1/23/2024 5:34:09 PM,WC24004179,"8XXX  East Point Douglas Rd S, COTTAGE GROVE",ASSIST OTHER AGENCY
WASHINGTON COUNTY SHERIFFS OFFICE,COTTAGE GROVE,1/23/2024 11:43:18 PM,WC24004235,"7XXX  79th St S, COTTAGE GROVE",ASSIST OTHER AGENCY
WASHINGTON COUNTY SHERIFFS OFFICE,COTTAGE GROVE,1/24/2024 3:34:24 AM,WC24004261,"Hadley Ave S / 85th St S, COTTAGE GROVE",ASSIST OTHER AGENCY
WASHINGTON COUNTY SHERIFFS OFFICE,DELLWOOD,1/22/2024 7:00:58 PM,WC24003999,"XX Dellwood Ave, DELLWOOD",ALARM-BUSINESS/RES/FIRE/MEDICAL/ETC
WASHINGTON COUNTY SHERIFFS OFFICE,DELLWOOD,1/23/2024 5:32:41 PM,WC24004176,"11XXX -123 DELLWOOD AVE, DELLWOOD",DIRECTED PATROL
WASHINGTON COUNTY SHERIFFS OFFICE,DELLWOOD,1/24/2024 7:15:20 AM,WC24004273,"Dellwood Rd N / Hidden Glade Ave N, DELLWOOD",ACCIDENT
WASHINGTON COUNTY SHERIFFS OFFICE,DELLWOOD,1/24/2024 10:14:42 AM,WC24004302,"XX Overlook Rd, DELLWOOD",FRAUD/SCAM
WASHINGTON COUNTY SHERIFFS OFFICE,DELLWOOD,1/24/2024 4:13:51 PM,WC24004364,"XX Peninsula Rd, DELLWOOD",WATER INCIDENT/VIOLATION
WASHINGTON COUNTY SHERIFFS OFFICE,DENMARK TOWNSHIP,1/21/2024 9:43:32 PM,WC24003837,"6XXX  Peller Ave S, DENMARK TOWNSHIP",ALARM-BUSINESS/RES/FIRE/MEDICAL/ETC
WASHINGTON COUNTY SHERIFFS OFFICE,DENMARK TOWNSHIP,1/22/2024 6:49:06 AM,WC24003884,"6XXX  Peller Ave S, DENMARK TOWNSHIP",ALARM-BUSINESS/RES/FIRE/MEDICAL/ETC
WASHINGTON COUNTY SHERIFFS OFFICE,DENMARK TOWNSHIP,1/22/2024 7:06:47 AM,WC24003886,"6XXX  Saint Croix Trl S, DENMARK TOWNSHIP",MEDICAL
WASHINGTON COUNTY SHERIFFS OFFICE,DENMARK TOWNSHIP,1/23/2024 2:06:27 PM,WC24004145,"13XXX  122nd St S, DENMARK TOWNSHIP",MEDICAL
WASHINGTON COUNTY SHERIFFS OFFICE,DENMARK TOWNSHIP,1/24/2024 1:55:49 PM,WC24004343,"12XXX  POINT DOUGLAS DR S, DENMARK TOWNSHIP",WARRANT ARREST
WASHINGTON COUNTY SHERIFFS OFFICE,DENMARK TOWNSHIP,1/24/2024 2:44:17 PM,WC24004349,"6XXX  Peller Ave S, DENMARK TOWNSHIP",MEDICAL
WASHINGTON COUNTY SHERIFFS OFFICE,DENMARK TOWNSHIP,1/24/2024 6:11:25 PM,WC24004378,"6XXX  Peller Ave S, DENMARK TOWNSHIP",DISTURBANCE
WASHINGTON COUNTY SHERIFFS OFFICE,DENMARK TOWNSHIP,1/25/2024 4:30:00 AM,WC24004423,"14XXX  Point Douglas Dr S, DENMARK TOWNSHIP",PARKING VIOLATION
WASHINGTON COUNTY SHERIFFS OFFICE,GRANT,1/21/2024 6:03:43 PM,WC24003816,"10XXX  101st St N, GRANT",FRAUD/SCAM
WASHINGTON COUNTY SHERIFFS OFFICE,GRANT,1/21/2024 7:01:43 PM,WC24003823,"75th St N / Jocelyn Rd N, GRANT",ACCIDENT
WASHINGTON COUNTY SHERIFFS OFFICE,GRANT,1/22/2024 8:52:22 AM,WC24003909,"8XXX  75th St N, GRANT",MEDICAL
WASHINGTON COUNTY SHERIFFS OFFICE,GRANT,1/22/2024 1:37:03 PM,WC24003948,"9XXX  Joliet Ave N, GRANT",TRESPASS NOTICE
WASHINGTON COUNTY SHERIFFS OFFICE,GRANT,1/22/2024 4:51:57 PM,WC24003978,"Jamaca Ave N / Ironwood Ave N, GRANT",DRIVING COMPLAINT
WASHINGTON COUNTY SHERIFFS OFFICE,GRANT,1/23/2024 7:14:02 AM,WC24004059,"Dellwood Rd N / Jamaca Ave N, GRANT",ROAD HAZARD
WASHINGTON COUNTY SHERIFFS OFFICE,GRANT,1/23/2024 10:02:35 AM,WC24004105,"8XXX  75th St N, GRANT",MEDICAL
WASHINGTON COUNTY SHERIFFS OFFICE,GRANT,1/23/2024 6:31:00 PM,WC24004189,"75th St N / Manning Ave N, GRANT",TRAFFIC STOP
WASHINGTON COUNTY SHERIFFS OFFICE,GRANT,1/24/2024 11:24:44 AM,WC24004324,"6XXX  Jasmine Ave N, GRANT",FRAUD/SCAM
WASHINGTON COUNTY SHERIFFS OFFICE,GRANT,1/24/2024 3:33:32 PM,WC24004357,"11XXX  115th St N, GRANT",DEATH
WASHINGTON COUNTY SHERIFFS OFFICE,GREY CLOUD ISLAND TOWNSHIP,1/22/2024 4:15:10 PM,WC24003973,"5XXX  Pioneer Rd S, GREY CLOUD ISLAND TOWNSHIP",FOLLOW UP
WASHINGTON COUNTY SHERIFFS OFFICE,HUGO,1/21/2024 1:31:48 AM,WC24003730,"4XXX  Elm Dr N, HUGO",MEDICAL
WASHINGTON COUNTY SHERIFFS OFFICE,HUGO,1/21/2024 12:09:43 PM,WC24003785,"5XXX  157th St N, HUGO",911 ABANDONED/HANGUP/OPEN LINE
WASHINGTON COUNTY SHERIFFS OFFICE,HUGO,1/21/2024 1:40:24 PM,WC24003789,"6XXX  145th St N, HUGO",CITIZEN/PUBLIC ASSIST
WASHINGTON COUNTY SHERIFFS OFFICE,HUGO,1/21/2024 3:08:01 PM,WC24003793,"14XXX  Forest Blvd N, HUGO",911 ABANDONED/HANGUP/OPEN LINE
WASHINGTON COUNTY SHERIFFS OFFICE,HUGO,1/21/2024 4:34:58 PM,WC24003804,"14XXX  Forest Blvd N, HUGO",MEDICAL
WASHINGTON COUNTY SHERIFFS OFFICE,HUGO,1/21/2024 4:41:43 PM,WC24003807,"15XXX  Forest Blvd N, HUGO",MEDICAL
WASHINGTON COUNTY SHERIFFS OFFICE,HUGO,1/21/2024 5:45:52 PM,WC24003814,"5XXX  145th St N, HUGO",MEDICAL
WASHINGTON COUNTY SHERIFFS OFFICE,HUGO,1/21/2024 7:08:46 PM,WC24003824,"12XXX  Foxhill Ave N, HUGO",MEDICAL
WASHINGTON COUNTY SHERIFFS OFFICE,HUGO,1/21/2024 7:11:42 PM,WC24003825,"4XXX  Prairie Trl N, HUGO",ALARM-BUSINESS/RES/FIRE/MEDICAL/ETC
WASHINGTON COUNTY SHERIFFS OFFICE,HUGO,1/22/2024 6:59:14 AM,WC24003885,"12XXX  Foxhill Ave N, HUGO",DRUNK/INTOXICATED 
WASHINGTON COUNTY SHERIFFS OFFICE,HUGO,1/22/2024 9:08:46 AM,WC24003911,"4XXX  Heritage Pkwy N, HUGO",911 ABANDONED/HANGUP/OPEN LINE
WASHINGTON COUNTY SHERIFFS OFFICE,HUGO,1/22/2024 10:34:35 AM,WC24003927,"4XXX  HERITAGE PKWY N, HUGO",DIRECTED PATROL
WASHINGTON COUNTY SHERIFFS OFFICE,HUGO,1/22/2024 2:02:07 PM,WC24003952,"5XXX  147th St N, HUGO",CITIZEN/PUBLIC ASSIST
WASHINGTON COUNTY SHERIFFS OFFICE,HUGO,1/22/2024 6:14:51 PM,WC24003993,"15XXX  ETHAN TRL N, HUGO",911 ABANDONED/HANGUP/OPEN LINE
WASHINGTON COUNTY SHERIFFS OFFICE,HUGO,1/23/2024 5:46:21 AM,WC24004056,"15XXX  Farnham Ave N, HUGO",THREATS
WASHINGTON COUNTY SHERIFFS OFFICE,HUGO,1/23/2024 6:53:30 AM,WC24004058,"13XXX  Geneva Ave N, HUGO",ALARM-BUSINESS/RES/FIRE/MEDICAL/ETC
WASHINGTON COUNTY SHERIFFS OFFICE,HUGO,1/23/2024 11:45:45 AM,WC24004124,"13XXX  Flint Cir N, HUGO",CITIZEN/PUBLIC ASSIST
WASHINGTON COUNTY SHERIFFS OFFICE,HUGO,1/23/2024 12:07:13 PM,WC24004127,"Unknown, HUGO",CITIZEN/PUBLIC ASSIST
WASHINGTON COUNTY SHERIFFS OFFICE,HUGO,1/23/2024 12:54:31 PM,WC24004134,"15XXX  Farnham Ave N, HUGO",CITIZEN/PUBLIC ASSIST
WASHINGTON COUNTY SHERIFFS OFFICE,HUGO,1/23/2024 2:14:00 PM,WC24004147,"15XXX  Forest Blvd N, HUGO",FRAUD/SCAM
WASHINGTON COUNTY SHERIFFS OFFICE,HUGO,1/23/2024 8:47:55 PM,WC24004213,"14XXX  Victor Hugo Blvd N, HUGO",TRESPASSING
WASHINGTON COUNTY SHERIFFS OFFICE,HUGO,1/23/2024 9:32:37 PM,WC24004222,"Forest Blvd N / 130th St N, HUGO",TRAFFIC STOP
WASHINGTON COUNTY SHERIFFS OFFICE,HUGO,1/24/2024 1:45:56 AM,WC24004250,"4XXX  ETHAN TRL N, HUGO",911 ABANDONED/HANGUP/OPEN LINE
WASHINGTON COUNTY SHERIFFS OFFICE,HUGO,1/24/2024 2:20:22 AM,WC24004256,"53XXX -5398 142ND ST N, HUGO",PARKING VIOLATION
WASHINGTON COUNTY SHERIFFS OFFICE,HUGO,1/24/2024 5:52:07 AM,WC24004268,"13XXX  Fenway Boulevard Cir N, HUGO",ALARM-BUSINESS/RES/FIRE/MEDICAL/ETC
WASHINGTON COUNTY SHERIFFS OFFICE,HUGO,1/24/2024 6:38:29 AM,WC24004270,"15XXX  Enfield Ave N, HUGO",MEDICAL
WASHINGTON COUNTY SHERIFFS OFFICE,HUGO,1/24/2024 8:24:43 AM,WC24004278,"14XXX  Flay Ave N, HUGO",CITIZEN/PUBLIC ASSIST
WASHINGTON COUNTY SHERIFFS OFFICE,HUGO,1/24/2024 8:27:49 AM,WC24004280,"Unknown, HUGO",ACCIDENT
WASHINGTON COUNTY SHERIFFS OFFICE,HUGO,1/24/2024 12:06:30 PM,WC24004328,"147th St N / Finale Ave N, HUGO",FIRE
WASHINGTON COUNTY SHERIFFS OFFICE,HUGO,1/24/2024 12:26:01 PM,WC24004329,"Unknown, HUGO",FOLLOW UP
WASHINGTON COUNTY SHERIFFS OFFICE,HUGO,1/24/2024 2:30:00 PM,WC24004346,"14XXX  Victor Hugo Blvd N, HUGO",MEDICAL
WASHINGTON COUNTY SHERIFFS OFFICE,HUGO,1/24/2024 2:49:39 PM,WC24004350,"13XXX  Isleton Ave N, HUGO",OFFICER INFORMATION
WASHINGTON COUNTY SHERIFFS OFFICE,HUGO,1/24/2024 3:01:41 PM,WC24004351,"8XXX  122nd St N, HUGO",OFFICER INFORMATION
WASHINGTON COUNTY SHERIFFS OFFICE,HUGO,1/24/2024 4:10:08 PM,WC24004363,"Unknown, HUGO",CIVIL MATTER/DISPUTE
WASHINGTON COUNTY SHERIFFS OFFICE,HUGO,1/24/2024 6:54:56 PM,WC24004387,"4XXX  Rosemary Way N, HUGO",LIFT ASSIST
WASHINGTON COUNTY SHERIFFS OFFICE,LAKE ELMO,1/21/2024 2:39:39 AM,WC24003741,"XX Cimarron, LAKE ELMO",MEDICAL
WASHINGTON COUNTY SHERIFFS OFFICE,LAKE ELMO,1/21/2024 9:01:00 AM,WC24003766,"2XXX  30th Street Cir N, LAKE ELMO",ALARM-BUSINESS/RES/FIRE/MEDICAL/ETC
WASHINGTON COUNTY SHERIFFS OFFICE,LAKE ELMO,1/21/2024 3:08:36 PM,WC24003794,"XXX CIMARRON, LAKE ELMO",911 ABANDONED/HANGUP/OPEN LINE
WASHINGTON COUNTY SHERIFFS OFFICE,LAKE ELMO,1/21/2024 4:31:00 PM,WC24003799,"INWOOD AV , LAKE ELMO",TRAFFIC STOP
WASHINGTON COUNTY SHERIFFS OFFICE,LAKE ELMO,1/21/2024 5:20:58 PM,WC24003809,"XXX Cimarron, LAKE ELMO",DRUGS
WASHINGTON COUNTY SHERIFFS OFFICE,LAKE ELMO,1/21/2024 6:24:17 PM,WC24003819,"PRIVATE RD, LAKE ELMO",PARKING VIOLATION
WASHINGTON COUNTY SHERIFFS OFFICE,LAKE ELMO,1/21/2024 8:33:51 PM,WC24003831,"9XXX  Hudson Blvd N, LAKE ELMO",911 ABANDONED/HANGUP/OPEN LINE
WASHINGTON COUNTY SHERIFFS OFFICE,LAKE ELMO,1/21/2024 11:43:48 PM,WC24003846,"Highway 36 at Highland Trail, LAKE ELMO",TRAFFIC STOP
WASHINGTON COUNTY SHERIFFS OFFICE,LAKE ELMO,1/22/2024 12:56:41 AM,WC24003859,"Highway 36, LAKE ELMO",TRAFFIC STOP
WASHINGTON COUNTY SHERIFFS OFFICE,LAKE ELMO,1/22/2024 2:14:00 AM,WC24003867,"8TH ST N, LAKE ELMO",PARKING VIOLATION
WASHINGTON COUNTY SHERIFFS OFFICE,LAKE ELMO,1/22/2024 2:29:56 AM,WC24003869,"28XXX -2998 INWOOD AVE N, LAKE ELMO",PARKING VIOLATION
WASHINGTON COUNTY SHERIFFS OFFICE,LAKE ELMO,1/22/2024 6:58:37 AM,WC24003883,"Keats Ave N To I94 Wb Ramp, LAKE ELMO",ACCIDENT
WASHINGTON COUNTY SHERIFFS OFFICE,LAKE ELMO,1/22/2024 7:59:45 AM,WC24003897,"XXX Cimarron, LAKE ELMO",MEDICAL
WASHINGTON COUNTY SHERIFFS OFFICE,LAKE ELMO,1/22/2024 3:53:09 PM,WC24003968,"5XXX  Marquess Trl N, LAKE ELMO",RUNAWAY
WASHINGTON COUNTY SHERIFFS OFFICE,LAKE ELMO,1/22/2024 3:58:42 PM,WC24003972,"Hwy 36 Wb At Keats Ave N, LAKE ELMO",ANIMAL COMPLAINT
WASHINGTON COUNTY SHERIFFS OFFICE,LAKE ELMO,1/22/2024 6:01:31 PM,WC24003992,"Inwood Ave N / Stillwater Blvd N, LAKE ELMO",ACCIDENT
WASHINGTON COUNTY SHERIFFS OFFICE,LAKE ELMO,1/23/2024 1:31:37 AM,WC24004038,"XXX Cimarron, LAKE ELMO",SUSPICIOUS PERSON/ACTIVITY
WASHINGTON COUNTY SHERIFFS OFFICE,LAKE ELMO,1/23/2024 3:43:42 AM,WC24004051,"8XXX  Upper 9th Pl N, LAKE ELMO",MEDICAL
WASHINGTON COUNTY SHERIFFS OFFICE,LAKE ELMO,1/23/2024 4:52:30 AM,WC24004055,"4XXX  Lake Elmo Ave N, LAKE ELMO",ALARM-BUSINESS/RES/FIRE/MEDICAL/ETC
WASHINGTON COUNTY SHERIFFS OFFICE,LAKE ELMO,1/23/2024 10:39:41 AM,WC24004113,"4XXX  Hummingbird Ct N, LAKE ELMO",SUSPICIOUS PERSON/ACTIVITY
WASHINGTON COUNTY SHERIFFS OFFICE,LAKE ELMO,1/23/2024 12:17:58 PM,WC24004130,"XXX Jade Trl N, LAKE ELMO",911 ABANDONED/HANGUP/OPEN LINE
WASHINGTON COUNTY SHERIFFS OFFICE,LAKE ELMO,1/23/2024 4:13:47 PM,WC24004166,"8XXX  Irving Blvd N, LAKE ELMO",MEDICAL
WASHINGTON COUNTY SHERIFFS OFFICE,LAKE ELMO,1/23/2024 7:27:16 PM,WC24004196,"3XXX  Linden Ave N, LAKE ELMO",CITIZEN/PUBLIC ASSIST
WASHINGTON COUNTY SHERIFFS OFFICE,LAKE ELMO,1/23/2024 9:56:54 PM,WC24004226,"8XXX  39th St N, LAKE ELMO",MEDICAL
WASHINGTON COUNTY SHERIFFS OFFICE,LAKE ELMO,1/24/2024 2:13:35 AM,WC24004255,"92XXX -9299 6TH ST N, LAKE ELMO",PARKING VIOLATION
WASHINGTON COUNTY SHERIFFS OFFICE,LAKE ELMO,1/24/2024 3:14:00 AM,WC24004260,"1XXX  IVY AVE N, LAKE ELMO",PARKING VIOLATION
WASHINGTON COUNTY SHERIFFS OFFICE,LAKE ELMO,1/24/2024 8:40:46 AM,WC24004282,"4XXX  Stillwater Way N, LAKE ELMO",DISTURBANCE
WASHINGTON COUNTY SHERIFFS OFFICE,LAKE ELMO,1/24/2024 10:31:51 AM,WC24004316,"Unknown, LAKE ELMO",FOLLOW UP
WASHINGTON COUNTY SHERIFFS OFFICE,LAKE ELMO,1/24/2024 3:26:55 PM,WC24004354,"8XXX  Irving Blvd N, LAKE ELMO",FRAUD/SCAM
WASHINGTON COUNTY SHERIFFS OFFICE,LAKE ELMO,1/24/2024 5:37:55 PM,WC24004372,"34TH ST N / IRIS AVE N, LAKE ELMO",ACCIDENT
WASHINGTON COUNTY SHERIFFS OFFICE,LAKE ELMO,1/24/2024 7:02:20 PM,WC24004388,"9XXX  7th St N, LAKE ELMO",MAIL THEFT
WASHINGTON COUNTY SHERIFFS OFFICE,LAKE SAINT CROIX BEACH,1/23/2024 8:16:49 AM,WC24004073,"1XXX  Ramada Ave S, LAKE SAINT CROIX BEACH",MEDICAL
WASHINGTON COUNTY SHERIFFS OFFICE,LAKE SAINT CROIX BEACH,1/23/2024 7:34:23 PM,WC24004197,"1XXX  Racine Ave S, LAKE SAINT CROIX BEACH",MEDICAL
WASHINGTON COUNTY SHERIFFS OFFICE,LAKE SAINT CROIX BEACH,1/24/2024 8:40:17 AM,WC24004281,"2XXX  Quebec Ave S, LAKE SAINT CROIX BEACH",MEDICAL
WASHINGTON COUNTY SHERIFFS OFFICE,LAKELAND,1/21/2024 12:56:17 PM,WC24003788,"Saint Croix Trail North To I94 Wb Ramp / I94, LAKELAND",WARRANT ARREST
WASHINGTON COUNTY SHERIFFS OFFICE,LAKELAND,1/23/2024 5:08:41 PM,WC24004172,"XXX Saint Croix Trl N, LAKELAND",FRAUD/SCAM
WASHINGTON COUNTY SHERIFFS OFFICE,LAKELAND,1/23/2024 6:41:53 PM,WC24004193,"Saint Croix Trl S / 7th St S, LAKELAND",ACCIDENT
WASHINGTON COUNTY SHERIFFS OFFICE,LAKELAND,1/24/2024 12:31:31 PM,WC24004334,"XXX Quant Ave N, LAKELAND",OFFICER INFORMATION
WASHINGTON COUNTY SHERIFFS OFFICE,LAKELAND SHORES,1/22/2024 2:06:12 PM,WC24003951,"XX Lakeland Shores Rd N, LAKELAND SHORES",PROPERTY DAMAGE
WASHINGTON COUNTY SHERIFFS OFFICE,LAKELAND SHORES,1/25/2024 12:32:51 AM,WC24004429,"XX Lakeland Shores Rd N, LAKELAND SHORES",ALARM-BUSINESS/RES/FIRE/MEDICAL/ETC
WASHINGTON COUNTY SHERIFFS OFFICE,LANDFALL,1/24/2024 2:53:41 AM,WC24004259,"XXX Dellwood Sq N, LANDFALL",ALARM-BUSINESS/RES/FIRE/MEDICAL/ETC
WASHINGTON COUNTY SHERIFFS OFFICE,MAHTOMEDI,1/21/2024 3:00:00 AM,WC24003744,"21XXX -242 WEDGEWOOD DR, MAHTOMEDI",PARKING VIOLATION
WASHINGTON COUNTY SHERIFFS OFFICE,MAHTOMEDI,1/21/2024 4:12:15 AM,WC24003752,"XXX Mahtomedi Ave, MAHTOMEDI",MEDICAL
WASHINGTON COUNTY SHERIFFS OFFICE,MAHTOMEDI,1/21/2024 6:40:02 PM,WC24003821,"XX Long Lake Rd, MAHTOMEDI",MEDICAL
WASHINGTON COUNTY SHERIFFS OFFICE,MAHTOMEDI,1/21/2024 8:19:00 PM,WC24003829,"65XXX -899 WILDWOOD RD, MAHTOMEDI",TRAFFIC STOP
WASHINGTON COUNTY SHERIFFS OFFICE,MAHTOMEDI,1/21/2024 8:53:42 PM,WC24003832,"1XXX  Echo Lake Ct, MAHTOMEDI",UNWANTED PERSON/VEHICLE
WASHINGTON COUNTY SHERIFFS OFFICE,MAHTOMEDI,1/22/2024 12:00:00 AM,WC24003939," 0 ADDRESS UNKNOWN   , MAHTOMEDI",FOLLOW UP
WASHINGTON COUNTY SHERIFFS OFFICE,MAHTOMEDI,1/22/2024 9:32:18 AM,WC24003916,"XXX Huron St, MAHTOMEDI",MEDICAL
WASHINGTON COUNTY SHERIFFS OFFICE,MAHTOMEDI,1/22/2024 10:56:55 AM,WC24003934,"XXX Stillwater Rd, MAHTOMEDI",ALARM-BUSINESS/RES/FIRE/MEDICAL/ETC
WASHINGTON COUNTY SHERIFFS OFFICE,MAHTOMEDI,1/22/2024 2:59:52 PM,WC24003961,"XX Long Lake Rd, MAHTOMEDI",DRUGS
WASHINGTON COUNTY SHERIFFS OFFICE,MAHTOMEDI,1/22/2024 3:35:00 PM,WC24003963,"Echo Lake Ct / Long Lake Rd, MAHTOMEDI",TRAFFIC STOP
WASHINGTON COUNTY SHERIFFS OFFICE,MAHTOMEDI,1/22/2024 7:23:08 PM,WC24004001,"1XXX  Echo Lake Ct, MAHTOMEDI",FIGHT
WASHINGTON COUNTY SHERIFFS OFFICE,MAHTOMEDI,1/23/2024 12:00:00 AM,WC24004148,"Century Ave N / Wildwood Rd, MAHTOMEDI",TRAFFIC STOP
WASHINGTON COUNTY SHERIFFS OFFICE,MAHTOMEDI,1/23/2024 2:29:55 AM,WC24004043,"XXX EDITH AVE, MAHTOMEDI",PARKING VIOLATION
WASHINGTON COUNTY SHERIFFS OFFICE,MAHTOMEDI,1/23/2024 10:09:53 AM,WC24004107,"XXX Quail St, MAHTOMEDI",911 ABANDONED/HANGUP/OPEN LINE
WASHINGTON COUNTY SHERIFFS OFFICE,MAHTOMEDI,1/23/2024 9:54:01 PM,WC24004225,"XX Long Lake Rd, MAHTOMEDI",911 ABANDONED/HANGUP/OPEN LINE
WASHINGTON COUNTY SHERIFFS OFFICE,MAHTOMEDI,1/24/2024 8:26:48 AM,WC24004279,"1XXX  Briarwood Ave, MAHTOMEDI",MAIL THEFT
WASHINGTON COUNTY SHERIFFS OFFICE,MAHTOMEDI,1/24/2024 10:52:01 AM,WC24004317,"XXX Wildwood Rd, MAHTOMEDI",LOCKOUT
WASHINGTON COUNTY SHERIFFS OFFICE,MAHTOMEDI,1/24/2024 11:14:19 AM,WC24004322,"1XXX  Hallam Ave N, MAHTOMEDI",FRAUD/SCAM
WASHINGTON COUNTY SHERIFFS OFFICE,MAHTOMEDI,1/25/2024 12:14:52 AM,WC24004424,"XXX Mahtomedi Ave, MAHTOMEDI",ALARM-BUSINESS/RES/FIRE/MEDICAL/ETC
WASHINGTON COUNTY SHERIFFS OFFICE,MAHTOMEDI,1/25/2024 1:33:12 AM,WC24004438,"XX Old Wildwood Rd, MAHTOMEDI",CITIZEN/PUBLIC ASSIST
WASHINGTON COUNTY SHERIFFS OFFICE,MAY TOWNSHIP,1/21/2024 3:19:14 PM,WC24003795,"14XXX  130th St N, MAY TOWNSHIP",IDENTITY THEFT
WASHINGTON COUNTY SHERIFFS OFFICE,MAY TOWNSHIP,1/22/2024 7:09:09 AM,WC24003887,"Square Lake Trl N / Ozark Ave N, MAY TOWNSHIP",ACCIDENT
WASHINGTON COUNTY SHERIFFS OFFICE,MAY TOWNSHIP,1/22/2024 10:14:23 AM,WC24003925,"14XXX  Square Lake Trl N, MAY TOWNSHIP",ANIMAL COMPLAINT
WASHINGTON COUNTY SHERIFFS OFFICE,MAY TOWNSHIP,1/22/2024 5:08:41 PM,WC24003981,"16XXX  Square Lake Trl N, MAY TOWNSHIP",FIRE
WASHINGTON COUNTY SHERIFFS OFFICE,MAY TOWNSHIP,1/23/2024 11:10:18 AM,WC24004121,"16XXX  Square Lake Trl N, MAY TOWNSHIP",CITIZEN/PUBLIC ASSIST
WASHINGTON COUNTY SHERIFFS OFFICE,MAY TOWNSHIP,1/24/2024 8:12:18 AM,WC24004276,"Manning Trl N / 148th St N, MAY TOWNSHIP",ACCIDENT
WASHINGTON COUNTY SHERIFFS OFFICE,NEWPORT,1/21/2024 2:29:17 AM,WC24003739,"Hwy 61 Nb At I494, NEWPORT",ASSIST OTHER AGENCY
WASHINGTON COUNTY SHERIFFS OFFICE,NEWPORT,1/21/2024 4:08:11 AM,WC24003751,"XXX Century Ave, NEWPORT",ALARM-BUSINESS/RES/FIRE/MEDICAL/ETC
WASHINGTON COUNTY SHERIFFS OFFICE,NEWPORT,1/21/2024 4:29:04 PM,WC24003803,"1XXX  Hastings Ave, NEWPORT",ASSAULT
WASHINGTON COUNTY SHERIFFS OFFICE,NEWPORT,1/22/2024 3:29:56 AM,WC24003876,"1XXX  Mark Ct, NEWPORT",MEDICAL
WASHINGTON COUNTY SHERIFFS OFFICE,NEWPORT,1/22/2024 12:14:57 PM,WC24003942,"1XXX  1st Ave, NEWPORT",SUSPICIOUS PERSON/ACTIVITY
WASHINGTON COUNTY SHERIFFS OFFICE,NEWPORT,1/22/2024 12:51:24 PM,WC24003946,"1XXX  Hastings Ave, NEWPORT",CITIZEN/PUBLIC ASSIST
WASHINGTON COUNTY SHERIFFS OFFICE,NEWPORT,1/22/2024 1:56:35 PM,WC24003950,"1XXX  Hastings Ave, NEWPORT",CITIZEN/PUBLIC ASSIST
WASHINGTON COUNTY SHERIFFS OFFICE,NEWPORT,1/22/2024 2:48:44 PM,WC24003960,"XX 21st St, NEWPORT",CIVIL MATTER/DISPUTE
WASHINGTON COUNTY SHERIFFS OFFICE,NEWPORT,1/22/2024 4:05:57 PM,WC24003970,"2XXX  Hastings Ave, NEWPORT",SUSPICIOUS PERSON/ACTIVITY
WASHINGTON COUNTY SHERIFFS OFFICE,NEWPORT,1/22/2024 4:36:05 PM,WC24003974,"1XXX  Hastings Ave, NEWPORT",DISTURBANCE
WASHINGTON COUNTY SHERIFFS OFFICE,NEWPORT,1/22/2024 7:08:23 PM,WC24004000,"1XXX  10th Ave, NEWPORT",DISTURBANCE
WASHINGTON COUNTY SHERIFFS OFFICE,NEWPORT,1/22/2024 10:58:49 PM,WC24004012,"2XXX  Hastings Ave, NEWPORT",WELFARE CHECK
WASHINGTON COUNTY SHERIFFS OFFICE,NEWPORT,1/23/2024 1:09:52 AM,WC24004036,"1XXX  10th Ave, NEWPORT",NOISE COMPLAINT/DISTURBANCE
WASHINGTON COUNTY SHERIFFS OFFICE,NEWPORT,1/23/2024 10:08:00 AM,WC24004106,"Glen Jeo Hwy 61, NEWPORT",TRAFFIC STOP
WASHINGTON COUNTY SHERIFFS OFFICE,NEWPORT,1/23/2024 1:14:25 PM,WC24004138,"1XXX  Hastings Ave, NEWPORT",FOLLOW UP
WASHINGTON COUNTY SHERIFFS OFFICE,NEWPORT,1/23/2024 3:51:32 PM,WC24004160,"XXX 7TH AVE, NEWPORT",PUBLIC WORKS CONCERN
WASHINGTON COUNTY SHERIFFS OFFICE,NEWPORT,1/23/2024 5:02:42 PM,WC24004171,"1XXX  10th Ave, NEWPORT",THREATS
WASHINGTON COUNTY SHERIFFS OFFICE,NEWPORT,1/23/2024 5:29:34 PM,WC24004175,"1XXX  Barry Dr, NEWPORT",CITIZEN/PUBLIC ASSIST
WASHINGTON COUNTY SHERIFFS OFFICE,NEWPORT,1/23/2024 6:10:44 PM,WC24004182,"2XXX  Hastings Ave, NEWPORT",FRAUD/SCAM
WASHINGTON COUNTY SHERIFFS OFFICE,NEWPORT,1/24/2024 1:46:17 AM,WC24004249,"Maxwell Ave / I494, NEWPORT",TRAFFIC STOP
WASHINGTON COUNTY SHERIFFS OFFICE,NEWPORT,1/24/2024 8:14:16 AM,WC24004277,"1XXX  Oakwood Rd, NEWPORT",MEDICAL
WASHINGTON COUNTY SHERIFFS OFFICE,NEWPORT,1/24/2024 8:52:43 AM,WC24004286,"Unknown, NEWPORT",CITIZEN/PUBLIC ASSIST
WASHINGTON COUNTY SHERIFFS OFFICE,NEWPORT,1/24/2024 11:48:14 AM,WC24004325,"2XXX  Maxwell Ave, NEWPORT",ALARM-BUSINESS/RES/FIRE/MEDICAL/ETC
WASHINGTON COUNTY SHERIFFS OFFICE,NEWPORT,1/24/2024 12:42:57 PM,WC24004333,"1XXX  Hastings Ave, NEWPORT",CITIZEN/PUBLIC ASSIST
WASHINGTON COUNTY SHERIFFS OFFICE,NEWPORT,1/24/2024 10:49:22 PM,WC24004416,"2XXX  HASTINGS AVE, NEWPORT",DRIVING COMPLAINT
WASHINGTON COUNTY SHERIFFS OFFICE,OAKDALE,1/21/2024 8:24:03 PM,WC24003830,"3rd St N / Ideal Ave N, OAKDALE",ASSIST OTHER AGENCY
WASHINGTON COUNTY SHERIFFS OFFICE,OAKDALE,1/21/2024 9:27:00 PM,WC24003835,"Highway 36, OAKDALE",TRAFFIC STOP
WASHINGTON COUNTY SHERIFFS OFFICE,PINE SPRINGS,1/21/2024 2:10:00 AM,WC24003738,"HWY 36 WB TO I694 NB RAMP, PINE SPRINGS",TRAFFIC STOP
WASHINGTON COUNTY SHERIFFS OFFICE,PINE SPRINGS,1/24/2024 12:47:05 AM,WC24004243,"Highway 36, PINE SPRINGS",TRAFFIC STOP
WASHINGTON COUNTY SHERIFFS OFFICE,PINE SPRINGS,1/24/2024 1:15:48 AM,WC24004246,"Hwy 36 Eb Over Hilton Trl N, PINE SPRINGS",TRAFFIC STOP
WASHINGTON COUNTY SHERIFFS OFFICE,Saint Paul,1/26/2024 11:21:19 PM,WC24004841,"HWY 61 SB AT MAXWELL AVE, Saint Paul",ASSIST OTHER AGENCY
WASHINGTON COUNTY SHERIFFS OFFICE,Saint Paul,1/27/2024 9:06:15 PM,WC24004961,"Hwy 61 Nb At Maxwell Ave, Saint Paul",ASSIST OTHER AGENCY
WASHINGTON COUNTY SHERIFFS OFFICE,SAINT PAUL PARK,1/22/2024 11:59:58 AM,WC24003940,"1XXX  Laurel Ave, SAINT PAUL PARK",ASSIST OTHER AGENCY
WASHINGTON COUNTY SHERIFFS OFFICE,SAINT PAUL PARK,1/23/2024 10:29:29 AM,WC24004111,"4th St / 13th Ave, SAINT PAUL PARK",ASSIST OTHER AGENCY
WASHINGTON COUNTY SHERIFFS OFFICE,SAINT PAUL PARK,1/23/2024 10:54:46 AM,WC24004117,"1XXX  Dixon Dr, SAINT PAUL PARK",ASSIST OTHER AGENCY
WASHINGTON COUNTY SHERIFFS OFFICE,SCANDIA,1/21/2024 4:35:18 PM,WC24003805,"18XXX  Olinda Trl N, SCANDIA",ALARM-BUSINESS/RES/FIRE/MEDICAL/ETC
WASHINGTON COUNTY SHERIFFS OFFICE,SCANDIA,1/23/2024 12:00:00 AM,WC24004126,"Mann/243rd St N, SCANDIA",TRAFFIC STOP
WASHINGTON COUNTY SHERIFFS OFFICE,SCANDIA,1/23/2024 8:03:48 AM,WC24004071,"14XXX  Scandia Trl N, SCANDIA",DISTURBANCE
WASHINGTON COUNTY SHERIFFS OFFICE,SCANDIA,1/23/2024 9:13:53 AM,WC24004100,"LOFTON AVE N / 239TH ST N, SCANDIA",911 ABANDONED/HANGUP/OPEN LINE
WASHINGTON COUNTY SHERIFFS OFFICE,SCANDIA,1/24/2024 12:51:45 PM,WC24004335,"20XXX  Quadrant Ave N, SCANDIA",FRAUD/SCAM
WASHINGTON COUNTY SHERIFFS OFFICE,STILLWATER,1/21/2024 3:43:24 AM,WC24003749,"Hwy 36 Wb To Stillwater Blvd N Ramp, STILLWATER",ASSIST OTHER AGENCY
WASHINGTON COUNTY SHERIFFS OFFICE,STILLWATER,1/24/2024 1:41:42 PM,WC24004341,"15XXX  62nd St N, STILLWATER",FUGITIVE FROM JUSTICE
WASHINGTON COUNTY SHERIFFS OFFICE,STILLWATER,1/24/2024 2:32:50 PM,WC24004347,"2XXX  Washington Ave N, STILLWATER",FLEEING
WASHINGTON COUNTY SHERIFFS OFFICE,STILLWATER,1/24/2024 4:58:55 PM,WC24004369,"15XXX  62nd St N, STILLWATER",DRUGS
WASHINGTON COUNTY SHERIFFS OFFICE,STILLWATER TOWNSHIP,1/21/2024 8:50:25 AM,WC24003764,"Otchipwe Ct N / Otchipwe Ave N, STILLWATER TOWNSHIP",ACCIDENT
WASHINGTON COUNTY SHERIFFS OFFICE,STILLWATER TOWNSHIP,1/21/2024 1:48:41 PM,WC24003790,"11XXX  Myeron Rd N, STILLWATER TOWNSHIP",OPEN DOOR/WINDOW
WASHINGTON COUNTY SHERIFFS OFFICE,STILLWATER TOWNSHIP,1/21/2024 10:16:55 PM,WC24003839,"Partridge Rd N / Saint Croix Trl N, STILLWATER TOWNSHIP",ACCIDENT
WASHINGTON COUNTY SHERIFFS OFFICE,STILLWATER TOWNSHIP,1/23/2024 7:38:31 AM,WC24004062,"10XXX  ARCOLA TRL N, STILLWATER TOWNSHIP",CITIZEN/PUBLIC ASSIST
WASHINGTON COUNTY SHERIFFS OFFICE,STILLWATER TOWNSHIP,1/23/2024 6:40:50 PM,WC24004192,"Mendel Rd N / Manning Ave N, STILLWATER TOWNSHIP",VEHICLE OFF ROAD
WASHINGTON COUNTY SHERIFFS OFFICE,STILLWATER TOWNSHIP,1/23/2024 6:53:06 PM,WC24004194,"Mendel Rd N / Manning Trl N, STILLWATER TOWNSHIP",ACCIDENT
WASHINGTON COUNTY SHERIFFS OFFICE,STILLWATER TOWNSHIP,1/24/2024 3:49:22 AM,WC24004262,"9XXX  Norell Ave N, STILLWATER TOWNSHIP",MEDICAL
WASHINGTON COUNTY SHERIFFS OFFICE,WEST LAKELAND TOWNSHIP,1/21/2024 8:13:57 PM,WC24003828,"13XXX  4th St N, WEST LAKELAND TOWNSHIP",CIVIL MATTER/DISPUTE
WASHINGTON COUNTY SHERIFFS OFFICE,WILLERNIE,1/21/2024 4:40:49 PM,WC24003806,"XXX WILDWOOD RD, WILLERNIE",PROPERTY DAMAGE
WASHINGTON COUNTY SHERIFFS OFFICE,WOODBURY,1/23/2024 9:46:14 AM,WC24004104,"Woodbury Dr / Hidden Lake Dr, WOODBURY",WATER INCIDENT/VIOLATION
WASHINGTON COUNTY SHERIFFS OFFICE,WOODBURY,1/24/2024 1:16:00 AM,WC24004247,"6XXX  Lake Road Ter, WOODBURY",WARRANT ARREST
WASHINGTON COUNTY SHERIFFS OFFICE,WOODBURY,1/24/2024 4:39:00 AM,WC24004264,"I94 Wb At Manning Ave S, WOODBURY",TRAFFIC STOP
WOODBURY PUBLIC SAFETY,WOODBURY,1/21/2024 12:30:00 AM,WB24002452,"50XXX -5090 SANDPEBBLE LN, WOODBURY",DWI
WOODBURY PUBLIC SAFETY,WOODBURY,1/21/2024 12:54:15 AM,WB24002453,"I94 Eb Jeo I494, WOODBURY",WARRANT ARREST
WOODBURY PUBLIC SAFETY,WOODBURY,1/21/2024 2:01:37 AM,WB24002458,"Courtly Rd / Lake Rd, WOODBURY",WARRANT ARREST
WOODBURY PUBLIC SAFETY,WOODBURY,1/21/2024 9:55:50 AM,WB24002484,"Radio Dr / Dale Rd, WOODBURY",PUBLIC WORKS CONCERN
WOODBURY PUBLIC SAFETY,WOODBURY,1/21/2024 1:52:11 PM,WB24002508,"7XXX  Valley Creek Plz, WOODBURY",ACCIDENT
WOODBURY PUBLIC SAFETY,WOODBURY,1/21/2024 4:08:06 PM,WB24002518,"Valley Creek Rd / Radio Dr, WOODBURY",ACCIDENT
WOODBURY PUBLIC SAFETY,WOODBURY,1/21/2024 4:59:06 PM,WB24002521,"Tamarack Rd / I494, WOODBURY",ACCIDENT
WOODBURY PUBLIC SAFETY,WOODBURY,1/21/2024 5:21:54 PM,WB24002522,"I94 EB TO WOODBURY DR RAMP, WOODBURY",ACCIDENT
WOODBURY PUBLIC SAFETY,WOODBURY,1/21/2024 5:46:31 PM,WB24002524,"3XXX  Oxford Dr, WOODBURY",DISTURBANCE
WOODBURY PUBLIC SAFETY,WOODBURY,1/21/2024 6:25:32 PM,WB24002528,"I94 Wb Jwo Inwood Ave N, WOODBURY",TRAFFIC STOP
WOODBURY PUBLIC SAFETY,WOODBURY,1/21/2024 6:46:32 PM,WB24002532,"8XXX  Tamarack Rd, WOODBURY",ACCIDENT
WOODBURY PUBLIC SAFETY,WOODBURY,1/21/2024 6:49:53 PM,WB24002531,"11XXX  REDWOOD CURV, WOODBURY",LOST PROPERTY/ITEM
WOODBURY PUBLIC SAFETY,WOODBURY,1/21/2024 7:53:01 PM,WB24002537,"10XXX  HUDSON RD, WOODBURY",TRAFFIC STOP
WOODBURY PUBLIC SAFETY,WOODBURY,1/21/2024 8:50:27 PM,WB24002543,"HUDSON RD, WOODBURY",TRAFFIC STOP
WOODBURY PUBLIC SAFETY,WOODBURY,1/21/2024 9:03:26 PM,WB24002544,"Valley Creek Rd / Woodlane Dr, WOODBURY",ROAD HAZARD
WOODBURY PUBLIC SAFETY,WOODBURY,1/21/2024 10:04:36 PM,WB24002550,"XXX Pendryn Hill Alcove, WOODBURY",INTERNET CRIMES
WOODBURY PUBLIC SAFETY,WOODBURY,1/22/2024 8:40:12 AM,WB24002573,"Woodlane Dr/Valley Creek Rd, WOODBURY",ACCIDENT
WOODBURY PUBLIC SAFETY,WOODBURY,1/22/2024 8:41:55 AM,WB24002574,"XXX Commerce Dr, WOODBURY",LOST PROPERTY/ITEM
WOODBURY PUBLIC SAFETY,WOODBURY,1/22/2024 9:21:26 AM,WB24002580,"2XXX  Vining Dr, WOODBURY",CIVIL MATTER/DISPUTE
WOODBURY PUBLIC SAFETY,WOODBURY,1/22/2024 5:21:01 PM,WB24002641,"2XXX  Wimbledon Dr, WOODBURY",FRAUD/SCAM
WOODBURY PUBLIC SAFETY,WOODBURY,1/22/2024 5:33:07 PM,WB24002643,"6XXX  Lydia Ln, WOODBURY",REQUEST FOR EMERGENCY EXAM - 72 HR HOLD
WOODBURY PUBLIC SAFETY,WOODBURY,1/22/2024 9:49:19 PM,WB24002667,"XXX Karen Dr, WOODBURY",THREATS
WOODBURY PUBLIC SAFETY,WOODBURY,1/23/2024 12:09:34 AM,WB24002672,"2XXX  Cameron Dr, WOODBURY",CITIZEN/PUBLIC ASSIST
WOODBURY PUBLIC SAFETY,WOODBURY,1/23/2024 4:05:59 AM,WB24002681,"6XXX  ASHWOOD , WOODBURY",HARASSMENT
WOODBURY PUBLIC SAFETY,WOODBURY,1/23/2024 8:23:38 AM,WB24002684,"2XXX  WOODLANE DR, WOODBURY",DRIVING COMPLAINT
WOODBURY PUBLIC SAFETY,WOODBURY,1/23/2024 9:46:14 AM,WB24002697,"Woodbury Dr / Hidden Lake Dr, WOODBURY",WELFARE CHECK
WOODBURY PUBLIC SAFETY,WOODBURY,1/23/2024 10:41:33 AM,WB24002704,"1XXX  Donegal Dr, WOODBURY",PROPERTY DAMAGE
WOODBURY PUBLIC SAFETY,WOODBURY,1/23/2024 11:20:52 AM,WB24002711,"10XXX  Hawthorn Trl, WOODBURY",WELFARE CHECK
WOODBURY PUBLIC SAFETY,WOODBURY,1/23/2024 11:30:31 AM,WB24002713,"Lake Rd / Meadow Brook Dr, WOODBURY",FOUND PROPERTY/ITEM
WOODBURY PUBLIC SAFETY,WOODBURY,1/23/2024 11:40:14 AM,WB24002717,"10XXX  Hudson Rd, WOODBURY",TRESPASSING
WOODBURY PUBLIC SAFETY,WOODBURY,1/23/2024 11:49:57 AM,WB24002719,"7XXX  Valley Creek Plz, WOODBURY",THEFT
WOODBURY PUBLIC SAFETY,WOODBURY,1/23/2024 2:07:39 PM,WB24002754,"XXX Pendryn Hill Alcove, WOODBURY",INTERNET CRIMES
WOODBURY PUBLIC SAFETY,WOODBURY,1/23/2024 2:27:54 PM,WB24002757,"UPPER AFTON RD / WILLOW LN, WOODBURY",TRAFFIC STOP
WOODBURY PUBLIC SAFETY,WOODBURY,1/23/2024 2:38:36 PM,WB24002761,"10XXX  Hudson Rd, WOODBURY",RECOVERED STOLEN
WOODBURY PUBLIC SAFETY,WOODBURY,1/23/2024 2:46:25 PM,WB24002765,"3XXX  Century Ave S, WOODBURY",OFFICER INFORMATION
WOODBURY PUBLIC SAFETY,WOODBURY,1/23/2024 4:41:23 PM,WB24002777,"XXX Woodbury Dr, WOODBURY",FRAUD/SCAM
WOODBURY PUBLIC SAFETY,WOODBURY,1/23/2024 6:18:36 PM,WB24002788,"7XXX  Guider Dr, WOODBURY",WELFARE CHECK
WOODBURY PUBLIC SAFETY,WOODBURY,1/23/2024 6:38:52 PM,WB24002794,"1XXX  Weir Dr, WOODBURY",DISTURBANCE
WOODBURY PUBLIC SAFETY,WOODBURY,1/23/2024 6:43:19 PM,WB24002796,"7XXX  Newbury Rd, WOODBURY",CITIZEN/PUBLIC ASSIST
WOODBURY PUBLIC SAFETY,WOODBURY,1/23/2024 8:52:00 PM,WB24002798,"Valley Creek Rd / Woodlane Dr, WOODBURY",TRAFFIC STOP
WOODBURY PUBLIC SAFETY,WOODBURY,1/23/2024 9:32:34 PM,WB24002809,"Radio Dr / Seasons Pkwy, WOODBURY",ACCIDENT
WOODBURY PUBLIC SAFETY,WOODBURY,1/23/2024 9:34:46 PM,WB24002810,"1XXX  Woodwinds Dr, WOODBURY",DISTURBANCE
WOODBURY PUBLIC SAFETY,WOODBURY,1/23/2024 11:04:36 PM,WB24002812,"4XXX  Radio Dr, WOODBURY",DISTURBANCE
WOODBURY PUBLIC SAFETY,WOODBURY,1/24/2024 8:11:55 AM,WB24002834,"4XXX  Radio Dr, WOODBURY",DISTURBANCE
WOODBURY PUBLIC SAFETY,WOODBURY,1/24/2024 9:39:07 AM,WB24002849,"1XXX  Bluewater Ln, WOODBURY",WELFARE CHECK
WOODBURY PUBLIC SAFETY,WOODBURY,1/24/2024 10:26:44 AM,WB24002853,"Tamarack Rd / Weir Dr, WOODBURY",RECOVERED STOLEN
WOODBURY PUBLIC SAFETY,WOODBURY,1/24/2024 10:32:00 AM,WB24002856,"Woodbury Dr / Hudson Rd, WOODBURY",ACCIDENT
WOODBURY PUBLIC SAFETY,WOODBURY,1/24/2024 10:40:03 AM,WB24002857,"4XXX  Woodlane Dr, WOODBURY",CIVIL MATTER/DISPUTE
WOODBURY PUBLIC SAFETY,WOODBURY,1/24/2024 10:46:00 AM,WB24002859,"1XXX  School Dr, WOODBURY",RUNAWAY
WOODBURY PUBLIC SAFETY,WOODBURY,1/24/2024 11:07:46 AM,WB24002861,"9XXX  Newcastle Rd, WOODBURY",SUICIDE ATTEMPT/THREATS OF
WOODBURY PUBLIC SAFETY,WOODBURY,1/24/2024 11:53:36 AM,WB24002867,"2XXX  Radio Dr, WOODBURY",CIVIL MATTER/DISPUTE
WOODBURY PUBLIC SAFETY,WOODBURY,1/24/2024 1:01:12 PM,WB24002873,"XXX Radio Dr, WOODBURY",SHOPLIFTING
WOODBURY PUBLIC SAFETY,WOODBURY,1/24/2024 1:29:36 PM,WB24002877,"8XXX  Tamarack Vlg, WOODBURY",THEFT
WOODBURY PUBLIC SAFETY,WOODBURY,1/24/2024 2:20:18 PM,WB24002884,"8XXX  Yearling Trl, WOODBURY",JUVENILE COMPLAINT
WOODBURY PUBLIC SAFETY,WOODBURY,1/24/2024 4:19:09 PM,WB24002904,"6XXX  Oakwood Rd, WOODBURY",SUSPICIOUS PERSON/ACTIVITY
WOODBURY PUBLIC SAFETY,WOODBURY,1/24/2024 4:42:25 PM,WB24002908,"Woodlane Dr / Montrose Rd, WOODBURY",ACCIDENT
WOODBURY PUBLIC SAFETY,WOODBURY,1/24/2024 4:54:02 PM,WB24002910,"9XXX  Hudson Pl, WOODBURY",COUNTERFEIT/FORGERY
WOODBURY PUBLIC SAFETY,WOODBURY,1/24/2024 8:49:11 PM,WB24002933,"8XXX  Tamarack Vlg, WOODBURY",RECOVERED STOLEN

